1;2;1;1;10000;0.457253993;35.77122879;503.2054023;560.8371246;1266.343769;1494.543351;1089.240303;13.84303016;11.64121037;14.05383773;16.22463453;209.882259;214.2605821;11.24012563;1710.946029;8018.596726;2.013807241
1;3;1;1;10000;0.532160997;54.8433609;510.3647882;587.8273508;1361.238436;1658.401152;1151.250019;15.45566424;12.23130666;15.69102969;18.92898367;274.6426057;279.7712933;11.9049502;1956.628783;8343.407028;2.906223627
1;10;1;1;10000;0.516285002;33.22241974;508.7570182;563.9412541;1260.326373;1474.997197;1079.03329;14.1790975;12.09698284;14.39502284;16.55639449;205.8801639;210.3131341;11.20529255;1684.851499;7996.124841;1.939104613
1;13;1;1;10000;0.457253993;35.77122879;503.2054023;560.848868;1266.304956;1495.153057;1089.735198;13.84309616;11.64121037;14.05390473;16.22539123;209.853732;214.2264976;11.24000034;1710.945802;8018.195697;2.014584934
1;14;1;1;10000;0.457253993;35.77122879;503.2054023;560.8562301;1266.280621;1495.535425;1090.045579;13.84313753;11.64121037;14.05394673;16.22586554;209.8358499;214.2051326;11.23992178;1710.94566;8017.944357;2.015072515
1;19;1;1;10000;0.455049008;40.25362015;503.0118953;565.2216072;1287.31508;1534.964809;1105.744841;14.0468769;11.62558291;14.26078873;16.63098607;223.1639932;227.6528425;11.36713448;1772.109374;8090.373457;2.201102895
1;21;1;1;10000;0.457253993;35.77122879;503.2054023;560.8603072;1266.267144;1495.747219;1090.217504;13.84316043;11.64121037;14.05396998;16.22612819;209.8259478;214.193302;11.23987828;1710.945582;8017.805193;2.015342539
1;23;1;1;10000;0.516285002;33.22241974;508.7570182;563.9468053;1260.306636;1475.294447;1079.274609;14.17913919;12.09698284;14.39506517;16.55676578;205.8664868;210.2967279;11.20523246;1684.851491;7995.933179;1.939482139
1;24;1;1;10000;0.473255992;26.36700058;504.6421272;552.3587666;1218.916835;1406.435864;1054.213944;13.4861196;11.75797822;13.69149198;15.46258641;181.8713862;185.9716594;11.00552173;1575.966654;7856.470953;1.637063845
1;26;1;1;10000;0.532160997;54.8433609;510.3647882;587.8445218;1361.185631;1659.057987;1151.767252;15.45577643;12.23130666;15.69114359;18.93021126;274.6037061;279.7254539;11.90473815;1956.628768;8342.946236;2.907243713
1;27;1;1;10000;0.468026996;74.2670517;504.1704389;599.7414556;1431.324773;1802.414734;1220.037034;15.85777681;11.71956668;16.09926579;20.11178158;326.2162177;331.5587157;12.55958262;2140.795781;8568.516879;3.760867261
1;30;1;1;10000;0.468026996;74.2670517;504.1704389;599.7479951;1431.30349;1802.620171;1220.19682;15.85782135;11.71956668;16.09931102;20.11227232;326.2027393;331.5429128;12.55950414;2140.795789;8568.371159;3.761229388
1;45;1;0;10000;0.468026996;74.2670517;504.1704389;599.7573783;1431.272955;1802.914987;1220.42613;15.85788527;11.71956668;16.09937591;20.11297642;326.1834014;331.5202401;12.55939151;2140.795801;8568.162105;3.761749009
1;46;1;0;10000;0.468026996;74.2670517;504.1704389;599.763019;1431.254602;1803.092239;1220.564001;15.85792369;11.71956668;16.09941491;20.11339965;326.1717774;331.5066118;12.55932381;2140.795809;8568.036453;3.762061388
1;47;1;0;10000;0.455049008;40.25362015;503.0118953;565.2452453;1287.245777;1536.118126;1106.677021;14.04701344;11.62558291;14.26092735;16.63253494;223.1080913;227.5862371;11.36687858;1772.10892;8089.610119;2.202643837
1;48;1;0;10000;0.532160997;54.8433609;510.3647882;587.8674858;1361.114952;1659.936831;1152.459356;15.45592644;12.23130666;15.69129588;18.93185264;274.5516896;279.6641603;11.90445448;1956.628747;8342.330251;2.90860803
1;50;1;0;10000;0.455049008;40.25362015;503.0118953;565.2592836;1287.204611;1536.803493;1107.231021;14.0470945;11.62558291;14.26100964;16.63345452;223.0748984;227.5466913;11.36672655;1772.10865;8089.157026;2.203559083
1;53;1;0;10000;0.473255992;26.36700058;504.6421272;552.3748323;1218.853581;1407.466055;1055.06431;13.48622072;11.75797822;13.69159464;15.46360555;181.8309394;185.9223917;11.00537181;1575.964288;7855.838906;1.638273683
1;57;1;0;10000;0.473255992;26.36700058;504.6421272;552.3849207;1218.814139;1408.104884;1055.591707;13.4862873;11.75797822;13.69166224;15.46424738;181.8057006;185.8916885;11.00527658;1575.96379;7855.446479;1.639021993
1;64;1;0;10000;0.473255992;26.36700058;504.6421272;552.4042043;1218.738274;1409.320267;1056.595633;13.4864152;11.75797822;13.69179208;15.46547422;181.7571613;185.8327792;11.00508986;1575.962902;7854.698505;1.640444135
1;84;1;0;10000;0.532160997;54.8433609;510.3647882;588.1884772;1360.404582;1672.260408;1162.174318;15.45802478;12.23130666;15.69342617;18.95475332;273.8361949;278.8220677;11.90047619;1956.629713;8333.977797;2.927685519
1;85;1;0;10000;0.457253993;35.77122879;503.2054023;561.1115128;1265.435631;1508.858664;1100.867402;13.84456901;11.64121037;14.05540001;16.24227758;209.2166943;213.4657565;11.23719168;1710.940769;8009.263027;2.031995161
1;86;1;0;10000;0.455049008;40.25362015;503.0118953;565.5290257;1286.412302;1550.035167;1117.933285;14.04864883;11.62558291;14.26258764;16.65108646;222.4379932;226.7882698;11.36379767;1772.103463;8080.485563;2.221160648
1;88;1;0;10000;0.516285002;33.22241974;508.7570182;564.2351939;1259.283481;1490.828673;1091.893991;14.18130659;12.09698284;14.39726557;16.57601259;205.1578066;209.4471118;11.20207898;1684.853232;7986.030541;1.959137524
1;90;1;0;10000;0.457253993;35.77122879;503.2054023;561.1957954;1265.156169;1513.2852;1104.465829;13.84504038;11.64121037;14.05587856;16.24768124;209.0126679;213.2222725;11.23628788;1710.939166;8006.411258;2.03758925
1;93;1;0;10000;0.457253993;35.77122879;503.2054023;561.2673905;1264.918591;1517.056337;1107.532631;13.84544031;11.64121037;14.05628458;16.25226568;208.8395081;213.0156855;11.23551916;1710.937807;8003.99437;2.042344075
1;94;1;0;10000;0.473255992;26.36700058;504.6421272;552.7048489;1217.557937;1428.286287;1072.279366;13.48823168;11.75797822;13.69363622;15.48431551;181.0028978;184.9187491;11.00217977;1575.966331;7843.158903;1.662430297
1;96;1;0;10000;0.457253993;35.77122879;503.2054023;561.3415729;1264.672251;1520.974433;1110.720073;13.84585422;11.64121037;14.05670479;16.25701021;208.6602397;212.8018696;11.23472174;1710.936404;8001.495539;2.047273554
2;2;3;1;20000;0.602594972;82.79238129;479.8352826;577.6789451;1389.422952;1757.430711;1162.566478;11.89741726;8.614388123;12.0785962;15.35481008;253.0576234;257.1066765;8.900913857;2162.079751;8436.019727;2.884629215
2;6;3;1;20000;0.603540003;62.22612;479.9372122;558.8217576;1310.057175;1609.394322;1091.890196;11.1198555;8.620780068;11.2891934;13.81268909;206.9575082;210.6694574;8.237696427;1972.547721;8181.051209;2.169770962
2;8;3;1;30000;0.672209978;79.7162323;448.8905163;537.7572882;1293.451395;1626.769853;1067.752207;8.053965227;5.895808356;8.176614444;10.34021548;167.2427497;169.9558524;5.798405653;2066.794036;8127.008381;1.807622802
2;13;3;1;20000;0.550997972;60.90776825;474.5095873;551.5397532;1295.898345;1590.610216;1085.32918;10.67284383;8.284356767;10.83537445;13.20391053;198.6490876;202.2153075;8.124465138;1949.216744;8134.761474;2.066529464
2;18;3;1;20000;0.626534998;69.96044159;482.4675844;569.4459645;1346.091122;1672.039096;1119.72072;11.62381097;8.780918239;11.80082332;14.68477076;227.4014829;231.3202284;8.508000663;2055.876674;8297.207637;2.467206086
2;22;3;0;30000;0.611603975;82.88027191;442.4827472;532.2883309;1289.987452;1632.034443;1072.329281;7.741070177;5.606443679;7.858954494;9.969980246;164.985552;167.5933711;5.760200755;2076.958948;8115.734687;1.79750455
2;29;3;0;20000;0.603540003;62.22612;479.9372122;558.8546938;1309.902335;1610.570559;1092.800634;11.12002493;8.620780068;11.28936541;13.81449977;206.9015318;210.6036142;8.237386578;1972.547202;8180.185942;2.17113386
2;31;3;0;10000;0.461411983;76.81585693;503.5725552;601.423253;1439.99851;1820.906414;1229.532051;15.92281493;11.67102313;16.16529434;20.28292183;332.9003021;338.2595705;12.65678635;2162.463298;8595.559684;3.878071027
2;32;3;0;20000;0.613745987;47.19692993;481.046028;546.2616649;1249.198995;1496.17659;1044.103227;10.622591;8.690705332;10.78435635;12.8375769;173.5272636;176.9492901;7.835553995;1815.768257;7967.473682;1.692502585
2;35;3;0;20000;0.603540003;62.22612;479.9372122;558.8762819;1309.800858;1611.341978;1093.397788;11.12013594;8.620780068;11.28947811;13.81568622;206.8648516;210.5604713;8.237183397;1972.546862;8179.619136;2.172027215
2;40;3;0;30000;0.678636014;82.52870941;449.6059976;541.0139109;1304.089525;1649.006192;1079.326486;8.171223418;5.928758933;8.295658292;10.54410587;172.117082;174.857869;5.87946294;2090.836008;8160.897707;1.883841685
2;41;3;0;20000;0.600327015;70.22410583;479.5903647;566.4491428;1341.129362;1671.230498;1121.012488;11.40616063;8.599003753;11.57985851;14.41212359;224.1696775;227.9899124;8.454865708;2052.404596;8279.930287;2.437192268
2;53;3;0;30000;0.700622976;85.34118652;452.1022044;546.6504798;1319.096408;1679.470666;1095.578613;8.410890913;6.044764394;8.538975547;10.91235118;179.3879046;182.1800471;6.008078469;2118.76984;8208.168983;1.995418447
2;57;3;0;20000;0.604421973;79.3646698;480.0323268;575.4022689;1376.52519;1747.318941;1160.778826;11.79092542;8.626780541;11.97048266;15.15355674;245.289343;249.1901023;8.784157951;2134.142498;8390.215814;2.785507761
2;58;3;0;20000;0.621053994;41.22040939;481.8557222;541.5563604;1223.256911;1457.949583;1032.387412;10.45075186;8.741979858;10.60990036;12.47099184;160.3511573;163.5918314;7.695139169;1747.341063;7873.886347;1.525117013
2;63;3;0;10000;0.461411983;76.81585693;503.5725552;601.966481;1438.242835;1837.684406;1242.598177;15.92485856;11.67102313;16.16736909;20.32186162;331.7227914;336.8953733;12.64963192;2162.459213;8583.716891;3.907499772
2;64;3;0;30000;0.611603975;82.88027191;442.4827472;532.841127;1287.945111;1648.415829;1084.748197;7.743296817;5.606443679;7.861215042;9.993148887;164.3579532;166.8662464;5.756399204;2076.959344;8103.455368;1.812057053
2;68;3;0;20000;0.603540003;62.22612;479.9372122;559.3684781;1307.454197;1629.699529;1107.628059;11.12286456;8.620780068;11.29224829;13.84107588;205.994626;209.538498;8.23237608;1972.562549;8166.398656;2.193106542
2;71;3;0;20000;0.602594972;82.79238129;479.8352826;578.6891236;1386.336671;1787.790978;1185.813977;11.90331705;8.614388123;12.08458583;15.41223827;251.4248128;255.2144375;8.890659814;2162.080321;8414.783486;2.925555223
2;72;3;0;20000;0.633086979;49.13050842;483.2067458;551.2474623;1260.044373;1542.134447;1071.982497;10.86525242;8.828117817;11.03071311;13.21377798;178.9871668;182.3094681;7.901659359;1842.900679;7993.12291;1.803217801
2;75;3;0;30000;0.635481;80.77091217;444.9353966;534.8329911;1284.271171;1659.383254;1094.274797;7.842538339;5.715972697;7.961967857;10.11629653;163.2417307;165.6711635;5.745204602;2066.144417;8084.884275;1.812816561
3;2;2;1;20000;0.615824997;79.62834167;481.2771983;576.7845441;1381.241518;1740.232403;1153.718617;11.90293118;8.705321712;12.08419409;15.29061508;248.2564464;252.2958616;8.82480154;2139.252384;8409.731252;2.801050662
3;3;2;1;20000;0.612107992;58.97418976;480.8688393;557.110116;1298.279355;1585.306358;1080.284644;11.07156807;8.679496786;11.24017063;13.68276792;200.5280118;204.2129513;8.14883787;1942.465894;8142.153219;2.068852641
3;4;2;1;20000;0.512504995;60.38042831;470.8469446;547.0561912;1287.980112;1582.556966;1083.614692;10.39631883;8.062699451;10.55463841;12.83480953;194.0462953;197.5121803;8.064154165;1936.838255;8108.312253;2.014435835
3;4;2;1;20000;0.512504995;60.29253769;470.8471353;546.9367326;1287.604019;1582.692066;1084.012502;10.3915849;8.062713133;10.54983238;12.8258499;193.8742121;197.3318136;8.064141484;1935.48087;8106.844214;2.013777359
3;9;2;1;20000;0.610659003;78.83732605;480.7103196;575.3840863;1377.021933;1733.994777;1150.988508;11.82453432;8.669486648;12.00460337;15.16703366;245.5894212;249.5947346;8.783190786;2130.959795;8395.982959;2.762884915
3;12;2;1;20000;0.622880995;80.06778717;482.0588806;578.167846;1384.443806;1745.516932;1156.21792;11.98630267;8.754899083;12.1688352;15.41421227;250.3642018;254.4289022;8.858585279;2144.886571;8419.820302;2.831537369
3;13;2;1;20000;0.614376009;51.50354004;481.119083;550.6463589;1268.626825;1529.229617;1056.398505;10.80660888;8.695332922;10.97117653;13.17738538;183.8106786;187.3538353;7.943909893;1865.433835;8036.588506;1.830192865
3;17;2;1;20000;0.627542973;64.33547974;482.580462;564.0536613;1322.735458;1628.431994;1098.960124;11.41086673;8.788108193;11.58463627;14.2482607;214.2129525;218.0357752;8.322626934;2000.241862;8222.445886;2.26522574
3;19;2;1;20000;0.613430977;52.03087997;481.0139186;550.9414952;1270.706581;1534.33779;1059.090619;10.81654734;8.688648404;10.98126634;13.2002955;184.9939708;188.5357151;7.96233857;1870.228175;8043.679988;1.849018086
3;20;2;1;20000;0.611603975;47.81216049;480.8139792;546.6453666;1251.733319;1500.794676;1045.825573;10.63353195;8.676046141;10.79546391;12.86737545;174.8694865;178.3048804;7.848763301;1822.745813;7976.619496;1.710805231
3;22;2;1;20000;0.59692502;65.12648773;479.2264758;560.7788269;1320.217574;1630.452025;1101.84476;11.17711002;8.576184891;11.34731981;13.95973074;212.388129;216.1252255;8.302971715;2000.501541;8213.310747;2.255858886
3;23;2;1;20000;0.609525025;50.27307892;480.5860037;548.8816849;1262.828457;1520.495521;1053.468871;10.72027714;8.66163004;10.88353009;13.03879649;180.7480335;184.2447717;7.912966603;1851.273195;8016.197321;1.790951351
3;24;2;1;20000;0.512504995;60.38042831;470.8469446;547.0756568;1287.885942;1583.271907;1084.17094;10.39641326;8.062699451;10.55473428;12.83583505;194.0141201;197.4743047;8.063977151;1936.838488;8107.779202;2.015216827
3;24;2;1;20000;0.512504995;60.29253769;470.8471353;546.956163;1287.509525;1583.406153;1084.568125;10.39167921;8.062713133;10.54992813;12.82687308;193.8418671;197.2937846;8.063955791;1935.481109;8106.31068;2.01455438
3;25;2;1;20000;0.61708498;77.78264618;481.4160737;575.3010864;1374.314667;1728.585971;1148.280909;11.84179913;8.714126543;12.0221311;15.16526118;244.070175;248.0726486;8.759971853;2123.08807;8387.12925;2.736686632
3;26;2;0;20000;0.546020985;60.90776825;474.0213722;550.8770603;1295.303754;1593.004089;1087.724802;10.63448968;8.254567008;10.79643623;13.15043276;198.3425422;201.8778565;8.128763258;1947.446107;8132.043116;2.069254205
3;27;2;0;10000;0.457379997;74.79438782;503.21765;599.1728974;1431.640355;1806.085544;1222.629193;15.78760497;11.64224736;16.02802535;20.03667801;326.2309969;331.5361012;12.56099016;2143.510494;8568.956767;3.771578271
3;31;2;0;20000;0.603161991;78.83732605;479.8956358;574.389747;1375.348253;1732.66905;1150.719676;11.75675634;8.618180996;11.93579324;15.07643126;244.4412695;248.4200468;8.765460525;2129.074773;8390.436221;2.749868816
3;47;2;0;20000;0.613053024;80.77091217;480.9725969;577.4862453;1384.449961;1749.853853;1159.279514;11.92048575;8.686063025;12.10201599;15.34536102;250.2063145;254.2318918;8.85712813;2148.161694;8418.98708;2.839545324
3;53;2;0;10000;0.494675994;77.78264618;506.6472502;605.997505;1448.824844;1834.861499;1235.498605;16.28923635;11.92230101;16.53729579;20.81609467;340.7596991;346.2249895;12.76981372;2178.103604;8622.940363;3.991205376
3;55;2;0;20000;0.617525995;66.62062073;481.4644665;564.9334076;1330.037262;1647.349123;1109.389402;11.40879996;8.717178145;11.58253803;14.30858228;218.1985287;222.0046017;8.383619726;2020.085491;8244.645409;2.337202433
3;58;2;0;20000;0.605493009;78.5736618;480.1482164;574.5403583;1374.654783;1733.26497;1151.435468;11.76826812;8.634057622;11.94748032;15.08936123;244.0820773;248.0476013;8.760501933;2127.422366;8387.505282;2.746792274
3;60;2;0;20000;0.610659003;78.83732605;480.7103196;575.4895203;1376.690283;1737.145637;1153.400347;11.82512542;8.669486648;12.00520347;15.17321328;245.421234;249.3993943;8.782161077;2130.959958;8393.72907;2.767058107
3;68;2;0;20000;0.613871992;49.13050842;481.0628034;548.3488749;1258.049541;1515.81293;1053.038117;10.70770071;8.691775853;10.87076214;12.99725561;178.1955283;181.6428823;7.886533383;1838.832687;7997.351042;1.761218759
3;77;2;0;20000;0.624455988;78.39788055;482.2349548;577.0629243;1377.7454;1740.480192;1155.44719;11.93588737;8.766106194;12.11765216;15.31613996;246.3534741;250.3394972;8.799071476;2130.408011;8395.984497;2.780996865
3;80;2;0;20000;0.621747017;83.23182678;481.9327091;580.9509375;1394.383035;1773.785004;1172.453278;12.09311636;8.74689384;12.27727549;15.64421383;256.6145529;260.6533242;8.964231608;2170.332935;8448.577165;2.950485862
3;81;2;0;10000;0.458198994;38.84737778;503.2896044;564.1534362;1280.767965;1531.101107;1107.48914;13.99988054;11.64803261;14.21307669;16.52995982;218.9084048;223.2914976;11.3312995;1752.963926;8064.153165;2.156579099
3;83;2;0;10000;0.494675994;77.78264618;506.6472502;606.1703805;1448.29062;1840.103109;1239.564953;16.2904673;11.92230101;16.53854549;20.82934183;340.4061003;345.8115712;12.76782207;2178.107058;8619.277275;4.000807601
3;86;2;0;20000;0.614817023;78.92521667;481.1662156;576.3147062;1377.371955;1744.109212;1158.139891;11.86774379;8.698297658;12.04847085;15.24194348;245.9680936;249.9144446;8.79321615;2132.784161;8393.914565;2.78503848
3;87;2;0;10000;0.458198994;38.84737778;503.2896044;564.1948909;1280.641208;1533.1768;1109.17041;14.00011635;11.64803261;14.21331609;16.53265718;218.809378;223.1735233;11.33084886;1752.962692;8062.795807;2.159301304
3;92;2;0;20000;0.605493009;78.5736618;480.1482164;574.8146892;1373.7886;1741.510899;1157.752029;11.76979474;8.634057622;11.94903019;15.10536067;243.6440783;247.5393448;8.757826784;2127.422621;8381.634848;2.757631073
3;95;2;0;20000;0.627353966;31.20095062;482.5595243;532.1961034;1176.780609;1372.352464;999.4508095;10.10774342;8.786773755;10.26166844;11.78280046;138.6727732;141.69023;7.494583232;1613.260934;7714.728347;1.24049204
3;97;2;0;20000;0.605493009;78.5736618;480.1482164;574.8859427;1373.564252;1743.658691;1159.398081;11.77019064;8.634057622;11.94943212;15.10950951;243.5304871;247.4075716;8.757130347;2127.422687;8380.115586;2.760447001
3;100;2;0;20000;0.610974014;78.92521667;480.7453165;575.9619093;1375.926333;1748.536798;1161.914285;11.83289907;8.671700759;12.0130955;15.20395975;245.0726411;248.9611566;8.780754741;2131.68046;8387.256694;2.784970787
4;3;1;1;10000;0.473255992;26.36700058;504.6421272;552.3329481;1219.020343;1404.756563;1052.827244;13.4859697;11.75797822;13.6913398;15.46095627;181.9375203;186.0521917;11.00576209;1575.974693;7857.50336;1.635085787
4;5;1;1;10000;0.455049008;40.25362015;503.0118953;565.1930886;1287.398666;1533.574585;1104.621308;14.04671212;11.62558291;14.26062144;16.62911668;223.2314547;227.7332281;11.3674431;1772.109922;8091.295072;2.199244109
4;10;1;1;10000;0.516285002;33.22241974;508.7570182;563.9315361;1260.360921;1474.476979;1078.610973;14.17902449;12.09698284;14.39494873;16.55574444;205.9041092;210.3418586;11.20539774;1684.851512;7996.460447;1.938443745
4;11;1;1;10000;0.455049008;40.25362015;503.0118953;565.2121398;1287.342831;1534.503144;1105.371722;14.04682221;11.62558291;14.26073321;16.63036558;223.1863865;227.6795249;11.36723695;1772.109556;8090.679328;2.200485789
4;12;1;1;10000;0.455049008;40.25362015;503.0118953;565.2017984;1287.373141;1533.999027;1104.964313;14.04676245;11.62558291;14.26067254;16.62968769;223.2108495;227.7086745;11.36734886;1772.109755;8091.013528;2.199811757
4;13;1;1;10000;0.457253993;35.77122879;503.2054023;560.8421015;1266.327321;1494.801718;1089.450014;13.84305814;11.64121037;14.05386613;16.22495524;209.8701686;214.246136;11.24007253;1710.945933;8018.426749;2.014136827
4;18;1;1;10000;0.473255992;26.36700058;504.6421272;552.3442624;1218.974798;1405.495028;1053.437089;13.48603401;11.75797822;13.69140509;15.46166983;181.9084228;186.0167605;11.00565695;1575.970705;7857.049172;1.635956596
4;19;1;1;10000;0.457253993;35.77122879;503.2054023;560.8390887;1266.337278;1494.645308;1089.323059;13.8430412;11.64121037;14.05384894;16.2247611;209.8774875;214.2548809;11.24010467;1710.945991;8018.529643;2.013937308
4;20;1;1;10000;0.516285002;33.22241974;508.7570182;563.934256;1260.351252;1474.622557;1078.729152;14.17904493;12.09698284;14.39496947;16.55592639;205.8974072;210.3338188;11.2053683;1684.851509;7996.366508;1.938628704
4;22;1;1;10000;0.532160997;54.8433609;510.3647882;587.814273;1361.278629;1657.901065;1150.85624;15.45557878;12.23130666;15.69094292;18.92804853;274.6722355;279.8062106;11.90511167;1956.628795;8343.758094;2.905446737
4;25;1;1;10000;0.468026996;74.2670517;504.1704389;599.7149398;1431.411096;1801.581996;1219.389374;15.85759616;11.71956668;16.09908239;20.10979144;326.2708779;331.6228041;12.55990084;2140.795746;8569.107931;3.759399062
4;28;1;1;10000;0.468026996;74.2670517;504.1704389;599.7167556;1431.405184;1801.639009;1219.433714;15.85760853;11.71956668;16.09909495;20.10992774;326.2671343;331.6184147;12.55987905;2140.795748;8569.067446;3.759499597
4;33;1;1;10000;0.473255992;26.36700058;504.6421272;552.3488536;1218.956382;1405.793846;1053.683845;13.48606058;11.75797822;13.69143206;15.46195964;181.8966571;186.0024329;11.00561431;1575.969245;7856.865481;1.636308614
4;34;1;1;10000;0.532160997;54.8433609;510.3647882;587.8428604;1361.190741;1658.994423;1151.717197;15.45576558;12.23130666;15.69113257;18.9300925;274.6074697;279.7298888;11.90475867;1956.628769;8342.990812;2.907145012
4;36;1;1;10000;0.532160997;54.8433609;510.3647882;587.8365818;1361.210053;1658.754228;1151.52805;15.45572456;12.23130666;15.69109092;18.92964364;274.6216931;279.7466496;11.90483621;1956.628775;8343.159289;2.90677201
4;37;1;1;10000;0.455049008;40.25362015;503.0118953;565.2272399;1287.298567;1535.239548;1105.966892;14.04690944;11.62558291;14.26082177;16.6313552;223.1506713;227.6369693;11.36707351;1772.109266;8090.191517;2.201470062
4;38;1;0;10000;0.473255992;26.36700058;504.6421272;552.3502527;1218.950787;1405.884598;1053.758782;13.48606882;11.75797822;13.69144042;15.46204806;181.8930821;185.9980798;11.00560128;1575.968849;7856.809683;1.636415419
4;39;1;0;10000;0.455049008;40.25362015;503.0118953;565.2280467;1287.296202;1535.278903;1105.998701;14.0469141;11.62558291;14.2608265;16.63140807;223.1487632;227.6346959;11.36706478;1772.10925;8090.16546;2.201522653
4;41;1;0;10000;0.468026996;74.2670517;504.1704389;599.7447948;1431.313905;1802.519632;1220.118622;15.85779955;11.71956668;16.09928889;20.11203217;326.2093352;331.5506462;12.55954255;2140.795785;8568.442468;3.76105217
4;42;1;0;10000;0.473255992;26.36700058;504.6421272;552.3616496;1218.905401;1406.621551;1054.367241;13.48613731;11.75797822;13.69150996;15.46276904;181.8640774;185.9627599;11.0054945;1575.966083;7856.356887;1.637281961
4;46;1;0;10000;0.473255992;26.36700058;504.6421272;552.3632228;1218.899175;1406.722798;1054.450819;13.48614705;11.75797822;13.69151985;15.46286873;181.8600977;185.9579131;11.00547963;1575.965796;7856.294732;1.637400877
4;51;1;0;10000;0.516285002;33.22241974;508.7570182;563.9734663;1260.211832;1476.722962;1080.434428;14.1793394;12.09698284;14.39526843;16.55854848;205.800811;210.217952;11.20494377;1684.851454;7995.013117;1.941295526
4;52;1;0;10000;0.455049008;40.25362015;503.0118953;565.2501496;1287.231396;1536.357523;1106.870528;14.04704176;11.62558291;14.2609561;16.63285622;223.0964948;227.5724209;11.36682547;1772.108825;8089.451811;2.20296357
4;54;1;0;10000;0.457253993;35.77122879;503.2054023;560.8933229;1266.157984;1497.463497;1091.610826;13.84334587;11.64121037;14.05415825;16.22825443;209.7457765;214.0975248;11.23952584;1710.944946;8016.678864;2.017529475
4;59;1;0;10000;0.457253993;35.77122879;503.2054023;560.9137426;1266.090451;1498.526035;1092.473536;13.84346052;11.64121037;14.05427464;16.22956891;209.6962066;214.0383117;11.23930776;1710.944554;8015.9828;2.018882312
4;62;1;0;10000;0.457253993;35.77122879;503.2054023;560.9309414;1266.033559;1499.421595;1093.200739;13.84355705;11.64121037;14.05437264;16.23067571;209.6544643;213.9884527;11.23912402;1710.944223;8015.396857;2.02002191
4;63;1;0;10000;0.532160997;54.8433609;510.3647882;587.9561114;1360.876881;1663.326707;1155.129777;15.45651053;12.23130666;15.69188887;18.93818673;274.3525713;279.4296615;11.90335353;1956.629905;8339.987153;2.913863782
4;66;1;0;10000;0.455049008;40.25362015;503.0118953;565.3455325;1286.951541;1541.021309;1110.641155;14.04759216;11.62558291;14.26151488;16.63910005;222.8710664;227.3038911;11.36579161;1772.106992;8086.377214;2.209183899
4;68;1;0;10000;0.532160997;54.8433609;510.3647882;588.0012983;1360.785141;1665.060208;1156.496272;15.45680531;12.23130666;15.69218813;18.94141188;274.2520855;279.3113969;11.90279476;1956.629867;8338.815923;2.916550838
4;70;1;0;10000;0.468026996;74.2670517;504.1704389;599.9741405;1430.568966;1809.739478;1225.736146;15.85936024;11.71956668;16.10087334;20.12922426;325.7372052;330.9971857;12.55678857;2140.796086;8563.344002;3.773759406
4;75;1;0;10000;0.516285002;33.22241974;508.7570182;564.117343;1259.699793;1484.457664;1086.717014;14.18041836;12.09698284;14.39636382;16.5681556;205.4467258;209.7933872;11.20338353;1684.851253;7990.060661;1.951087933
4;83;1;0;10000;0.473255992;26.36700058;504.6421272;552.6027706;1217.959211;1421.816257;1066.925667;13.48768363;11.75797822;13.69307982;15.47801068;181.2593536;185.2292303;11.00318887;1575.965112;7847.062811;1.65496203
4;84;1;0;10000;0.473255992;26.36700058;504.6421272;552.6222995;1217.882527;1423.05169;1067.947713;13.48778855;11.75797822;13.69318634;15.47921783;181.2102701;185.1697924;11.00299609;1575.965343;7846.315006;1.656390369
4;87;1;0;10000;0.455049008;40.25362015;503.0118953;565.6659394;1286.00922;1556.797139;1123.407549;14.04943539;11.62558291;14.26338619;16.66000861;222.11537;226.4043673;11.3623057;1772.100825;8076.109209;2.230106439
4;93;1;0;10000;0.473255992;26.36700058;504.6421272;552.8274229;1217.075794;1436.115557;1078.764805;13.48888646;11.75797822;13.69430098;15.49186858;180.6960386;184.5472186;11.00097747;1575.967151;7838.485357;1.6714428
5;3;3;1;20000;0.618596971;64.33547974;481.5833433;562.7792396;1321.221214;1627.085127;1098.924029;11.33010507;8.724718506;11.50264474;14.13911485;213.2489866;217.0441794;8.314276164;1997.673594;8217.359399;2.255632701
5;7;3;1;20000;0.600327015;70.22410583;479.5903647;566.3563559;1341.51661;1668.230289;1118.707803;11.40565856;8.599003753;11.5793488;14.40687932;224.3205089;228.1666387;8.455790407;2052.402718;8282.13931;2.433514347
5;14;3;1;30000;0.658728004;82.52870941;447.4132194;538.1656674;1299.441632;1641.794998;1075.864445;8.032574131;5.828160518;8.154897595;10.35588697;169.7454272;172.4503895;5.839024729;2085.617417;8146.367499;1.853041483
5;15;3;1;20000;0.618974984;66.62062073;481.6252614;565.1567744;1330.458245;1644.396423;1106.838931;11.42371838;8.727374321;11.59768363;14.32853707;218.3735699;222.2103661;8.378976784;2020.999142;8246.956562;2.332767486
5;19;3;0;20000;0.613745987;47.19692993;481.046028;546.2483446;1249.253247;1495.524028;1043.585869;10.62249322;8.690705332;10.78425708;12.83697735;173.5524056;176.9793033;7.835670704;1815.768294;7967.909547;1.691819699
5;34;3;0;20000;0.629621983;66.09327698;482.8144454;565.9798107;1330.463534;1643.989955;1106.759635;11.49536165;8.803030704;11.67041792;14.40554639;218.5948979;222.4416959;8.387721707;2017.742966;8246.777404;2.33370407
5;37;3;0;30000;0.736595988;72.06980133;456.3591083;540.4954638;1280.807996;1591.689742;1048.407462;8.312150832;6.246323285;8.438731809;10.55228004;162.5480648;165.3235916;5.723648664;2017.60316;8085.857499;1.711436115
5;40;3;0;20000;0.595601976;82.08925629;479.0870439;576.2923892;1385.180774;1754.232639;1161.970519;11.81084702;8.567433077;11.99070763;15.22827762;250.328909;254.3215654;8.857886816;2154.846481;8421.306896;2.851042317
5;44;3;0;20000;0.621053994;41.22040939;481.8557222;541.4042821;1223.872216;1449.790373;1025.885183;10.44970184;8.741979858;10.60883436;12.46439513;160.6498525;163.9486961;7.696594838;1747.349081;7879.172927;1.517076818
5;46;3;0;20000;0.626534998;69.96044159;482.4675844;569.5290426;1345.7437;1674.726908;1121.782971;11.62426543;8.780918239;11.8012847;14.68951895;227.2646959;231.1598972;8.507165344;2055.877169;8295.235283;2.470548983
5;48;3;0;20000;0.604421973;79.3646698;480.0323268;575.139344;1377.347203;1739.467119;1154.765339;11.78945882;8.626780541;11.96899372;15.13818921;245.7073985;249.6751463;8.786718839;2134.142411;8395.800716;2.775132375
5;51;3;0;20000;0.629621983;66.09327698;482.8144454;566.0560701;1330.113836;1646.695666;1108.843136;11.49579274;8.803030704;11.67085557;14.40960167;218.4597752;222.2832187;8.386912685;2017.74295;8244.810906;2.336967324
5;52;3;0;20000;0.595098019;55.45858765;479.0309189;551.9262081;1280.793683;1560.492874;1071.918931;10.80173787;8.56393272;10.96623134;13.26159278;190.6436495;194.182677;8.026484677;1902.313914;8079.66602;1.941179728
5;54;3;0;20000;0.605177999;83.05604553;480.1141816;578.4876427;1390.192443;1766.550416;1168.821604;11.9319184;8.631901257;12.11362274;15.41973624;253.6550047;257.6569628;8.913886978;2164.89315;8435.891761;2.907889428
5;57;3;0;20000;0.603540003;62.22612;479.9372122;558.9821127;1309.303555;1615.128873;1096.329862;11.1206798;8.620780068;11.29003025;13.82149831;206.6851464;210.3491364;8.236186341;1972.545201;8176.844346;2.176407154
5;63;3;0;20000;0.618219018;50.88830948;481.5419949;550.6701428;1266.255237;1534.168181;1061.65935;10.81325712;8.722116479;10.97792601;13.17631193;182.5656477;186.03625;7.936677041;1859.328937;8024.520992;1.826219144
5;67;3;0;20000;0.603540003;62.22612;479.9372122;559.1007312;1308.746488;1619.383713;1099.625531;11.1212886;8.620780068;11.29064833;13.82800439;206.4839501;210.1125901;8.235067081;1972.543338;8173.741824;2.18131747
5;69;3;0;20000;0.613745987;47.19692993;481.046028;546.4703086;1248.345685;1506.427941;1052.234485;10.62411913;8.690705332;10.78590775;12.84694648;173.1339539;176.4800001;7.833719596;1815.767686;7960.670186;1.703194708
5;71;3;0;20000;0.595098019;55.45858765;479.0309189;552.1342428;1280.128729;1568.808808;1078.404494;10.80281866;8.56393272;10.96732859;13.2720203;190.2788423;193.7538707;8.024408829;1902.315082;8073.823559;1.950190448
5;73;3;0;20000;0.62628299;66.62062073;482.4394014;566.3998276;1330.354843;1660.037438;1118.246476;11.48816872;8.779120654;11.66311545;14.42540022;218.7458554;222.4834187;8.394392353;2022.232919;8242.435669;2.362603036
5;75;3;0;20000;0.615951002;67.6753006;481.2910848;566.1446747;1332.430203;1668.030248;1123.036235;11.43831996;8.706200865;11.61250757;14.39355314;219.768665;223.4784026;8.409377002;2030.322774;8248.157865;2.387329596
5;78;3;0;20000;0.581426978;81.21035767;477.5931398;574.3514525;1377.193635;1764.411469;1172.686387;11.65944052;8.474324481;11.83699546;15.03631797;245.3810742;249.1587515;8.789577621;2144.208876;8388.521552;2.821040205
5;81;3;0;20000;0.618974984;66.62062073;481.6252614;565.7254269;1327.910591;1665.571047;1123.165869;11.42710178;8.727374321;11.60111856;14.35638538;217.3258626;220.9832573;8.372619738;2021.005824;8231.944074;2.358116488
5;82;3;0;20000;0.615951002;67.6753006;481.2910848;566.3549046;1331.612415;1676.066441;1129.238621;11.43960047;8.706200865;11.61380759;14.40331418;219.3708762;223.0143724;8.406889066;2030.322259;8242.648089;2.396964891
6;3;2;1;20000;0.654128969;70.31199646;485.6294484;573.5310507;1353.616571;1679.880736;1122.184831;11.89659552;8.983984515;12.07776194;15.05051941;232.2409539;236.2600667;8.578956334;2065.608102;8322.036697;2.525016594
6;4;2;1;20000;0.619352996;66.5327301;481.6657739;564.998904;1330.425316;1643.922788;1106.763083;11.42093211;8.729953763;11.59485494;14.3177512;218.3719336;222.2085284;8.384520251;2019.65769;8246.906959;2.332861729
6;7;2;1;10000;0.457946986;32.25563049;503.2672641;557.2539634;1249.353051;1464.509543;1078.08781;13.6737171;11.64621702;13.8819463;15.89597045;199.6082128;203.8666162;11.15513176;1661.266453;7959.807976;1.876790416
6;10;2;1;20000;0.617525995;66.62062073;481.4644665;564.8569942;1330.374605;1644.765128;1107.399935;11.40839174;8.717178145;11.58212359;14.30428804;218.326567;222.1548567;8.384373743;2020.085607;8246.54506;2.334089071
6;11;2;1;20000;0.612675011;79.10099792;480.9309273;575.866031;1378.547262;1735.53067;1151.457528;11.85301906;8.683427038;12.03352189;15.21023293;246.5476113;250.5703649;8.797814191;2133.767902;8401.17834;2.775287051
6;13;2;1;20000;0.59692502;65.12648773;479.2264758;560.7561173;1320.320505;1629.667451;1101.239395;11.17699071;8.576184891;11.34719869;13.95847251;212.426269;216.1700035;8.303191893;2000.501515;8213.890414;2.254935123
6;16;2;1;20000;0.611603975;47.81216049;480.8139792;546.6295508;1251.796569;1500.025963;1045.216456;10.63341518;8.676046141;10.79534536;12.86666109;174.8991868;178.3403346;7.848900853;1822.745845;7977.133524;1.709995453
6;18;2;1;20000;0.635544002;38.67160034;483.4864311;540.4638085;1215.083442;1429.437004;1016.962164;10.45958002;8.846022525;10.61886297;12.40013985;156.3580365;159.6418441;7.657975989;1716.860254;7849.400315;1.453975277
6;22;2;1;20000;0.617588997;83.67127991;481.4718945;580.4831213;1395.744643;1767.937393;1167.644929;12.06833799;8.717641538;12.25211979;15.60706064;257.3104366;261.409409;8.971704203;2172.893302;8455.828085;2.946868865
6;23;2;1;20000;0.635544002;38.67160034;483.4864311;540.4620999;1215.0922;1429.34329;1016.887428;10.45956809;8.846022525;10.61885085;12.40006586;156.3614813;159.6459691;7.657991608;1716.860259;7849.46244;1.453884916
6;26;2;0;20000;0.627542973;64.33547974;482.580462;564.0402963;1322.796148;1627.970195;1098.604273;11.41079488;8.788108193;11.58456333;14.24751158;214.2355994;218.0623885;8.322758503;2000.241755;8222.784895;2.264675355
6;28;2;0;20000;0.59692502;65.12648773;479.2264758;560.77362;1320.241173;1630.272104;1101.705932;11.17708266;8.576184891;11.34729204;13.95944228;212.3968731;216.1354912;8.303022204;2000.501535;8213.443629;2.255647081
6;30;2;0;20000;0.61708498;66.09327698;481.4161841;564.2969391;1328.070031;1640.918177;1105.676156;11.38448536;8.714123778;11.55785315;14.25867764;217.037038;220.8526203;8.366119799;2014.776052;8239.064555;2.315212266
6;31;2;0;20000;0.616644025;69.78466034;481.3670316;567.9203926;1343.237342;1669.541591;1119.275629;11.52639472;8.711012631;11.70192357;14.55056013;225.6172444;229.4947162;8.485426185;2051.524678;8287.630026;2.447042087
6;31;2;0;20000;0.616644025;68.90576172;481.367511;567.0308185;1339.469697;1662.529084;1115.944313;11.4897418;8.711040556;11.66471248;14.4779102;223.4575812;227.3187416;8.455376182;2042.728629;8275.526648;2.413892209
6;32;2;0;20000;0.614817023;78.92521667;481.1662156;576.0431566;1378.223702;1735.993411;1151.927139;11.86621629;8.698297658;12.04692009;15.22600531;246.4019814;250.4181125;8.795868076;2132.783587;8399.692574;2.774266192
6;34;2;0;20000;0.613053024;80.77091217;480.9725969;577.4525728;1384.553555;1748.864382;1158.522726;11.920295;8.686063025;12.10182234;15.34337176;250.2597462;254.2939023;8.857457025;2148.161684;8419.693829;2.838213031
6;40;2;0;20000;0.610659003;78.83732605;480.7103196;575.4102607;1376.940065;1734.776254;1151.586633;11.82468146;8.669486648;12.00475275;15.16856859;245.5480383;249.5465745;8.782936058;2130.959926;8395.423359;2.76392051
6;41;2;0;20000;0.614817023;78.92521667;481.1662156;576.0588899;1378.175116;1736.461832;1152.28568;11.8663062;8.698297658;12.04701137;15.2269308;246.3773773;250.3894412;8.795728585;2132.783984;8399.359141;2.774891506
6;44;2;0;20000;0.612107992;58.97418976;480.8688393;557.1435497;1298.185202;1586.534955;1081.238638;11.07173957;8.679496786;11.24034474;13.68458938;200.4727418;204.1479131;8.14853306;1942.465793;8141.277372;2.070250855
6;45;2;0;20000;0.609839976;66.62062073;480.6203341;563.9206163;1328.631509;1645.005373;1108.328362;11.34250289;8.663807945;11.51523136;14.22061601;217.266422;221.0581537;8.369435573;2018.386358;8240.27626;2.325090776
6;48;2;0;20000;0.512504995;60.38042831;470.8469446;547.0965138;1287.784994;1584.038032;1084.767053;10.39651433;8.062699451;10.55483689;12.83693356;193.9796165;197.4336981;8.063785768;1936.838701;8107.208185;2.016053122
6;48;2;0;20000;0.512504995;60.29253769;470.8471353;546.9769746;1287.408331;1584.171426;1085.163617;10.39178017;8.062713133;10.55003063;12.8279687;193.8072358;197.2530678;8.063757216;1935.481357;8105.739474;2.015386823
6;49;2;0;20000;0.627542973;64.33547974;482.580462;564.1039278;1322.504514;1630.196218;1100.319788;11.41114021;8.788108193;11.58491392;14.25100527;214.1259759;217.9336666;8.322101922;2000.241983;8221.155721;2.267324811
6;50;2;0;20000;0.613871992;49.13050842;481.0628034;548.3102741;1258.198689;1513.964271;1051.573603;10.70748955;8.691775853;10.87054777;12.99559227;178.2686716;181.7299405;7.886882124;1838.832763;7998.582611;1.759253997
6;51;2;0;20000;0.59484601;46.14225006;479.0047972;542.9728468;1240.938317;1485.934499;1041.313963;10.4370099;8.562307942;10.59594914;12.5792586;169.3965226;172.740427;7.789691639;1799.634076;7939.210193;1.644031789
6;53;2;0;20000;0.615383983;78.5736618;481.2281872;575.8781341;1376.688133;1736.417239;1152.9002;11.85760335;8.702214445;12.03817599;15.21019283;245.5078643;249.4952211;8.783430467;2129.685517;8393.712202;2.76607171
6;54;2;0;20000;0.614060998;53.52500916;481.0830929;552.460877;1276.586356;1549.401279;1066.6911;10.87852352;8.69303951;11.04418632;13.31614015;188.2268629;191.7720617;8.000886673;1885.91292;8062.927203;1.900541255
6;55;2;0;10000;0.450576007;79.18888855;502.6203512;602.6921876;1446.931827;1840.07919;1240.25928;15.94105653;11.59392297;16.18381374;20.39620626;338.1305713;343.4593742;12.73141035;2182.210999;8616.070049;3.9826235
6;56;2;0;10000;0.514016986;57.39216995;508.5311635;588.356562;1368.33546;1680.777591;1163.26954;15.41536269;12.07818169;15.65011441;18.9629933;280.2180667;285.3035623;11.97198804;1980.367775;8367.861841;3.0110636
6;58;2;0;20000;0.61796701;79.97989655;481.513969;577.4857334;1382.560042;1749.419932;1159.986162;11.93477179;8.720335024;12.11651959;15.34819974;249.1829236;253.1813031;8.846632258;2142.298331;8411.715175;2.828636984
6;59;2;0;20000;0.613053024;80.77091217;480.9725969;577.5837023;1384.15045;1752.720583;1161.472502;11.9210375;8.686063025;12.10257614;15.35111493;250.051757;254.0525384;8.856175387;2148.161724;8416.944332;2.843401674
6;60;2;0;10000;0.454230011;45.17546082;502.9397322;570.2466343;1307.151174;1576.374897;1123.471114;14.26506275;11.61972847;14.48229721;17.09808611;236.0533313;240.633163;11.48897245;1832.32716;8157.024603;2.391361858
6;61;2;0;20000;0.612107992;58.97418976;480.8688393;557.2557117;1297.866475;1590.665798;1084.446567;11.07231423;8.679496786;11.24092815;13.69069442;200.2862025;203.9286771;8.147458743;1942.465269;8138.337762;2.07493533
6;62;2;0;20000;0.607068002;78.66155243;480.3206698;574.9555742;1374.929721;1737.743197;1154.515726;11.78666625;8.64494044;11.96615863;15.12252184;244.312682;248.2545587;8.76466105;2128.579111;8387.07181;2.757347577
6;65;2;0;20000;0.619352996;66.5327301;481.6657739;565.1994761;1329.539359;1650.715671;1111.993617;11.42200546;8.729953763;11.59594462;14.32902353;218.0357176;221.8139923;8.382537062;2019.657681;8241.924888;2.341041975
6;67;2;0;20000;0.620109022;56.68904877;481.7509181;556.32774;1289.962637;1576.420859;1078.502284;11.05351762;8.735348813;11.2218453;13.61906784;195.6249248;199.2310076;8.083648092;1920.972641;8108.482686;2.007618971
6;68;2;0;20000;0.642978013;64.33547974;484.3355004;566.2040229;1324.99929;1639.619935;1106.126859;11.54779459;8.900476564;11.72364933;14.43015619;215.891108;219.6885687;8.353009878;2003.06406;8227.55873;2.299216502
6;69;2;0;20000;0.604484975;80.94668579;480.0394734;576.7443598;1382.38035;1756.52501;1164.908122;11.85018582;8.627227653;12.03064551;15.26803523;248.8516298;252.7886706;8.83935148;2147.53989;8409.482861;2.83931795
6;70;2;0;20000;0.616077006;77.95842743;481.3049741;575.6104662;1373.818631;1738.409353;1155.561744;11.84070304;8.707080261;12.02101832;15.18284523;243.8441478;247.7701797;8.760281635;2124.319617;8382.208477;2.75290774
6;71;2;0;20000;0.550871968;79.80412292;474.4984616;569.0553646;1367.353955;1739.83473;1159.193427;11.35843488;8.283686219;11.53140597;14.5807321;238.8490794;242.6018798;8.685142724;2125.469988;8360.432129;2.712492552
6;73;2;0;20000;0.611603975;49.56995773;480.8144237;548.6628911;1259.210513;1525.15899;1059.163606;10.70931869;8.676083932;10.87240476;13.01563879;178.8336101;182.2417328;7.894263498;1843.670416;7999.322227;1.780272998
6;75;2;0;20000;0.607068002;78.66155243;480.3206698;575.171334;1374.250684;1744.228644;1159.484205;11.78787017;8.64494044;11.96738088;15.13510884;243.9685172;247.8552591;8.762546579;2128.579847;8382.471835;2.765873698
6;76;2;0;20000;0.614376009;51.50354004;481.119083;550.9214368;1267.597155;1541.568762;1066.048151;10.80815118;8.695332922;10.97274231;13.18938207;183.2741274;186.7224889;7.940924126;1865.43754;8028.075884;1.843205512
6;77;2;0;20000;0.595601976;66.5327301;479.085064;562.3529077;1324.127873;1653.027249;1116.115354;11.22137393;8.567335537;11.39225779;14.074615;214.8015159;218.4570419;8.339891344;2014.275246;8222.02028;2.316297027
6;80;2;0;20000;0.603224993;79.45256042;479.9029712;575.5227134;1376.009589;1753.282856;1165.274531;11.78490896;8.618620359;11.96437457;15.15760148;245.009743;248.8608732;8.781987375;2134.69906;8386.458524;2.793734752
6;84;2;0;20000;0.615824997;79.62834167;481.2771983;577.5132476;1378.935664;1762.571121;1170.827117;11.90716599;8.705321712;12.08849339;15.33198321;247.0571396;250.9053274;8.817297261;2139.252533;8394.037157;2.830757674
6;91;2;0;10000;0.454230011;45.17546082;502.9397322;570.786169;1305.787084;1601.026103;1143.341558;14.26821511;11.61972847;14.48549758;17.13389615;234.849687;239.200982;11.48339569;1832.326245;8141.061517;2.425640205
7;5;1;1;10000;0.455049008;40.25362015;503.0118953;565.2094894;1287.350599;1534.373928;1105.267293;14.04680689;11.62558291;14.26071766;16.63019185;223.1926559;227.6869953;11.36726563;1772.109607;8090.76497;2.200313039
7;6;1;1;10000;0.457253993;35.77122879;503.2054023;560.8382635;1266.340005;1494.602471;1089.288289;13.84303657;11.64121037;14.05384423;16.22470792;209.8794922;214.2572762;11.24011348;1710.946007;8018.557827;2.013882661
7;7;1;1;10000;0.516285002;33.22241974;508.7570182;563.9291068;1260.369557;1474.346967;1078.505431;14.17900624;12.09698284;14.3949302;16.55558192;205.9100954;210.3490397;11.20542403;1684.851516;7996.544356;1.938278551
7;26;1;1;10000;0.468026996;74.2670517;504.1704389;599.7191218;1431.397479;1801.713307;1219.491497;15.85762465;11.71956668;16.09911132;20.11010535;326.262256;331.6126949;12.55985065;2140.795751;8569.01469;3.75963061
7;30;1;1;10000;0.516285002;33.22241974;508.7570182;563.9443078;1260.315516;1475.160702;1079.166029;14.17912043;12.09698284;14.39504613;16.55659873;205.8726402;210.3041091;11.2052595;1684.851495;7996.019407;1.939312283
7;33;1;1;10000;0.455049008;40.25362015;503.0118953;565.2280942;1287.296063;1535.281223;1106.000576;14.04691438;11.62558291;14.26082678;16.63141118;223.1486507;227.6345619;11.36706427;1772.109249;8090.163924;2.201525754
7;38;1;0;10000;0.516285002;33.22241974;508.7570182;563.9482978;1260.30133;1475.374378;1079.339501;14.1791504;12.09698284;14.39507655;16.55686559;205.8628097;210.2923171;11.2052163;1684.851489;7995.881653;1.939583645
7;39;1;0;10000;0.532160997;54.8433609;510.3647882;587.8425093;1361.191821;1658.980992;1151.70662;15.45576328;12.23130666;15.69113024;18.9300674;274.6082649;279.7308259;11.90476301;1956.628769;8343.000232;2.907124156
7;40;1;0;10000;0.457253993;35.77122879;503.2054023;560.8664603;1266.246802;1496.066923;1090.477031;13.843195;11.64121037;14.05400508;16.22652454;209.8110041;214.1754485;11.23981261;1710.945463;8017.595196;2.015750079
7;43;1;0;10000;0.468026996;74.2670517;504.1704389;599.7511147;1431.293337;1802.718183;1220.273054;15.8578426;11.71956668;16.09933259;20.11250642;326.1963098;331.5353746;12.55946669;2140.795793;8568.30165;3.761402144
7;45;1;0;10000;0.532160997;54.8433609;510.3647882;587.8560689;1361.150099;1659.499844;1152.115215;15.45585187;12.23130666;15.69122017;18.93103666;274.5775493;279.6946316;11.90459552;1956.628757;8342.636457;2.907929731
7;48;1;0;10000;0.457253993;35.77122879;503.2054023;560.8680883;1266.24142;1496.151525;1090.54571;13.84320415;11.64121037;14.05401436;16.2266294;209.8070503;214.1707249;11.23979523;1710.945432;8017.539639;2.015857913
7;50;1;0;10000;0.473255992;26.36700058;504.6421272;552.3695035;1218.874441;1407.125919;1054.783568;13.48618645;11.75797822;13.69155984;15.46326707;181.8442827;185.9386464;11.00542118;1575.964828;7856.047467;1.637874421
7;51;1;0;10000;0.455049008;40.25362015;503.0118953;565.2604832;1287.201093;1536.862075;1107.278376;14.04710142;11.62558291;14.26101667;16.63353309;223.0720622;227.5433124;11.36671355;1772.108626;8089.118316;2.203637297
7;53;1;0;10000;0.468026996;74.2670517;504.1704389;599.8017401;1431.128663;1804.309481;1221.510869;15.85818736;11.71956668;16.0996826;20.11630436;326.0920021;331.4130836;12.55885901;2140.79586;8567.1743;3.764205969
7;56;1;0;10000;0.473255992;26.36700058;504.6421272;552.3922135;1218.785541;1408.561879;1055.969192;13.48633665;11.75797822;13.69171233;15.46471205;181.7873927;185.869475;11.00520546;1575.963781;7855.164649;1.639555733
7;57;1;0;10000;0.473255992;26.36700058;504.6421272;552.3975285;1218.764695;1408.894993;1056.244362;13.48637262;11.75797822;13.69174885;15.46505066;181.7740507;185.8532877;11.0051536;1575.963778;7854.959308;1.639944684
7;58;1;0;10000;0.473255992;26.36700058;504.6421272;552.4045592;1218.736764;1409.345077;1056.616118;13.48641645;11.75797822;13.69179335;15.46549604;181.7562012;185.8316115;11.00508612;1575.962482;7854.68359;1.640473897
7;60;1;0;10000;0.516285002;33.22241974;508.7570182;564.0075201;1260.090703;1478.549749;1081.917837;14.179595;12.09698284;14.39552792;16.5608244;205.7169522;210.1173787;11.20457482;1684.851406;7993.839;1.943612283
7;64;1;0;10000;0.455049008;40.25362015;503.0118953;565.3305275;1286.995587;1540.286648;1110.047083;14.04750563;11.62558291;14.26142703;16.6381184;222.9065155;227.3461119;11.36595438;1772.107281;8086.860344;2.208205117
7;66;1;0;10000;0.532160997;54.8433609;510.3647882;588.0079201;1360.771693;1665.314392;1156.696659;15.4568485;12.23130666;15.69223198;18.94188436;274.2373629;279.2940707;11.90271284;1956.629862;8338.644396;2.916944635
7;67;1;0;10000;0.457253993;35.77122879;503.2054023;560.9876775;1265.845808;1502.379949;1095.603377;13.84387532;11.64121037;14.05469575;16.23432471;209.51682;213.8240668;11.2385175;1710.943135;8013.466045;2.023782252
7;75;1;0;10000;0.473255992;26.36700058;504.6421272;552.5356399;1218.222572;1417.57785;1063.420138;13.48730654;11.75797822;13.692697;15.47383828;181.4279609;185.4334991;11.00383669;1575.964327;7849.637335;1.650052763
7;77;1;0;10000;0.468026996;74.2670517;504.1704389;600.2220607;1429.754375;1817.579028;1231.840284;15.8610444;11.71956668;16.10258314;20.14776718;325.2156858;330.3893581;12.55382962;2140.79658;8557.856975;3.787518137
7;84;1;0;10000;0.532160997;54.8433609;510.3647882;588.4724699;1359.784731;1684.259279;1171.651087;15.46005326;12.23130666;15.69548555;18.97233632;273.1403934;278.0050597;11.89650239;1956.62941;8326.122635;2.946106734
7;89;1;0;10000;0.457253993;35.77122879;503.2054023;561.4896192;1264.180103;1528.826498;1117.111322;13.84667884;11.64121037;14.05754197;16.26646193;208.3029296;212.3758784;11.2331276;1710.933615;7996.524981;2.057120171
7;90;1;0;10000;0.516285002;33.22241974;508.7570182;564.5846864;1258.093817;1510.903424;1108.239037;14.18405917;12.09698284;14.40006007;16.59724338;204.2544559;208.3665338;11.19800769;1684.852728;7973.734288;1.984239751
8;3;2;1;20000;0.62924397;67.23584747;482.7720118;567.0207066;1335.326877;1651.165058;1109.696961;11.53662833;8.80032312;11.71231303;14.49040989;221.2906356;225.1701007;8.424704907;2029.108334;8262.833081;2.371751752
8;4;2;1;20000;0.624455988;78.39788055;482.2349548;576.8080238;1378.541761;1732.843766;1149.603305;11.93444647;8.766106194;12.11618931;15.30113023;246.7575082;250.8101831;8.801599484;2130.407942;8401.425024;2.770835439
8;5;2;1;20000;0.555660009;30.93727875;474.9711848;523.7080659;1167.147782;1356.129908;992.5435793;9.61734563;8.312597329;9.76380267;11.168775;135.1015549;138.0430467;7.463723447;1596.50216;7686.936137;1.20158607
8;9;2;1;20000;0.627542973;64.33547974;482.580462;564.0305249;1322.840522;1627.632647;1098.344177;11.41074235;8.788108193;11.58451;14.24696382;214.2521587;218.0818485;8.322854679;2000.241678;8223.03281;2.264272968
8;10;2;1;20000;0.621747017;83.23182678;481.9327091;580.676095;1395.202151;1765.864298;1166.40032;12.09153104;8.74689384;12.27566603;15.62778633;257.0469458;261.155045;8.966926369;2170.332857;8454.199089;2.939578161
8;13;2;1;20000;0.595601976;66.5327301;479.085064;561.9816344;1325.772639;1640.371407;1106.354486;11.2194248;8.567335537;11.39027899;14.05399508;215.4180439;219.180303;8.343487441;2014.275413;8231.299018;2.301284966
8;15;2;1;20000;0.555660009;30.93727875;474.9711848;523.714777;1167.11582;1356.508185;992.8489111;9.617382222;8.312597329;9.763839819;11.16910055;135.0890103;138.0279994;7.463669752;1596.502096;7686.685118;1.201907521
8;16;2;1;20000;0.614376009;51.50354004;481.119083;550.645097;1268.631523;1529.173189;1056.354398;10.80660179;8.695332922;10.97116933;13.1773302;183.8131436;187.3567373;7.943923551;1865.433818;8036.627719;1.830133119
8;18;2;1;10000;0.457379997;74.79438782;503.21765;599.1257069;1431.794411;1804.607941;1221.478054;15.78742604;11.64224736;16.0278437;20.03331122;326.331349;331.6531868;12.56160212;2143.510375;8570.010398;3.769016942
8;20;2;1;20000;0.602280021;25.22443008;479.8020024;522.8628682;1142.310494;1302.192581;969.2032469;9.69997551;8.612314022;9.847690873;11.12212102;124.0215984;126.9034839;7.36885962;1519.581119;7600.586329;1.051313684
8;26;2;0;20000;0.616266012;75.93695831;481.3258133;573.4827203;1367.193828;1714.003397;1140.805583;11.76225489;8.708399812;11.94137553;15.01246677;239.7303543;243.7111953;8.692414692;2106.577574;8364.729586;2.665975154
8;32;2;0;20000;0.615509987;63.36869049;481.2407053;561.5298106;1316.448383;1620.851841;1096.732972;11.26612519;8.703016512;11.43769055;14.03534783;210.6223242;214.3773376;8.280869078;1987.138146;8201.449114;2.221094674
8;36;2;0;20000;0.593900979;49.3941803;478.904287;546.1350897;1256.086161;1512.713806;1051.663506;10.56325591;8.556021351;10.72411768;12.81839131;177.253025;180.6779742;7.875750747;1837.723865;7992.924687;1.751001028
8;37;2;0;20000;0.614376009;51.50354004;481.119083;550.6860767;1268.478829;1531.006515;1057.787511;10.80683208;8.695332922;10.97140313;13.17912161;183.7331097;187.2625216;7.943479827;1865.434373;8035.355035;1.832073143
8;38;2;0;20000;0.609839976;66.62062073;480.6203341;563.9135611;1328.662674;1644.76647;1108.144351;11.34246537;8.663807945;11.51519327;14.22022094;217.2782032;221.0719793;8.369504626;2018.386361;8240.452023;2.324804187
8;47;2;0;20000;0.612107992;58.97418976;480.8688393;557.1832757;1298.072022;1587.997221;1082.373978;11.07194285;8.679496786;11.24055112;13.68675233;200.4063464;204.0699315;8.148139767;1942.465464;8140.233736;2.071908125
8;49;2;0;20000;0.624455988;78.39788055;482.2349548;576.9588385;1378.073722;1737.357977;1153.057419;11.93529942;8.766106194;12.11705524;15.31001527;246.521047;250.5339926;8.800103918;2130.407984;8398.20365;2.776846931
8;52;2;0;20000;0.614060998;53.52500916;481.0830929;552.4675896;1276.562359;1549.696218;1066.921374;10.8785614;8.69303951;11.04422477;13.31643577;188.2138104;191.7567205;8.00081225;1885.912914;8062.722649;1.900858406
8;53;2;0;20000;0.614060998;53.52500916;481.0830929;552.4754641;1276.534199;1550.042266;1067.191559;10.87860583;8.69303951;11.04426987;13.31678252;188.1984995;191.7387253;8.00072493;1885.912906;8062.482737;1.901230437
8;56;2;0;20000;0.622880995;80.06778717;482.0588806;578.3609587;1383.84671;1751.218924;1160.57892;11.98740193;8.754899083;12.1699512;15.42564375;250.055892;254.0710636;8.85668033;2144.886672;8415.76046;2.839219112
8;59;2;0;20000;0.614060998;53.52500916;481.0830929;552.5197573;1276.375639;1551.989818;1068.712284;10.8788556;8.69303951;11.04452345;13.31873194;188.1124001;191.637541;8.000233464;1885.912865;8061.134308;1.903322665
8;61;2;0;20000;0.634535968;82.35292816;483.3703758;582.0077055;1394.364154;1771.364077;1170.818407;12.18476756;8.838558271;12.3703224;15.74754331;256.8517187;260.9193605;8.968242743;2166.481741;8448.582432;2.9463433
8;64;2;0;20000;0.613871992;49.13050842;481.0628034;548.4365257;1257.71004;1520.017198;1056.369584;10.70817957;8.691775853;10.8712483;13.00102767;178.029557;181.4453893;7.8857399;1838.832515;7994.559963;1.765678778
8;66;2;0;20000;0.618785977;70.66355896;481.6042677;569.2907796;1346.10236;1685.329154;1129.297589;11.58160669;8.72604537;11.75797633;14.6583707;227.5165516;231.3393826;8.516219062;2060.075495;8294.078056;2.492889525
8;66;2;0;20000;0.618785977;70.66355896;481.6042677;569.2947055;1346.122241;1685.27887;1129.248493;11.58180361;8.72604537;11.75817626;14.65873593;227.526241;231.3498175;8.516286624;2060.126877;8294.165426;2.492802506
8;71;2;0;20000;0.614060998;53.52500916;481.0830929;552.6550009;1275.889756;1557.947687;1073.3658;10.87961695;8.69303951;11.04529639;13.3246739;187.8497357;191.3289619;7.998729643;1885.91274;8057.027978;1.909706731
8;72;2;0;20000;0.609525025;50.27307892;480.5860037;549.1570332;1261.784186;1533.094223;1063.371414;10.72185645;8.66163004;10.88513345;13.05076388;180.2188757;183.6200683;7.910079918;1851.293845;8007.604371;1.804153202
8;73;2;0;20000;0.555660009;30.93727875;474.9711848;523.9461014;1166.112054;1369.68698;1003.498224;9.618613885;8.312597329;9.765090239;11.18027901;134.65383;137.507331;7.461705213;1596.487023;7678.093295;1.213079365
8;81;2;0;20000;0.642978013;64.33547974;484.3355004;566.5598243;1323.416321;1653.665853;1116.971522;11.54993246;8.900476564;11.72581976;14.44668438;215.2071883;218.8859468;8.348911438;2003.05068;8217.777992;2.315979288
8;82;2;0;20000;0.612675011;79.10099792;480.9309273;576.7118189;1375.832366;1761.930566;1171.688149;11.85796914;8.683427038;12.03854735;15.25733224;245.1364686;248.934366;8.788953624;2133.767871;8382.69597;2.810128906
8;83;2;0;20000;0.59692502;65.12648773;479.2264758;561.4078534;1317.392288;1653.60557;1119.740395;11.18059011;8.576184891;11.3508529;13.99189663;211.2696335;214.8148161;8.296285367;2000.497182;8196.72553;2.282919968
8;85;2;0;20000;0.616077006;77.95842743;481.3049741;576.2270119;1371.742368;1758.972255;1171.340939;11.84451203;8.707080261;12.02488531;15.21458148;242.7458721;246.4986951;8.753257894;2124.320844;8368.081866;2.779702466
8;86;2;0;20000;0.62924397;67.23584747;482.7720118;567.7910455;1332.020348;1680.068878;1131.977222;11.54128922;8.80032312;11.71704489;14.52753239;219.846536;223.4817971;8.415904701;2029.108961;8242.611001;2.406681174
8;89;2;0;20000;0.654128969;70.31199646;485.6294484;574.5353501;1349.61521;1716.826105;1150.56643;11.90297338;8.983984515;12.08423694;15.09847089;230.3080542;234.011031;8.566097496;2065.601153;8296.59953;2.571308255
9;2;1;1;10000;0.532160997;54.8433609;510.3647882;587.8043079;1361.309241;1657.520108;1150.556277;15.45551365;12.23130666;15.6908768;18.92733587;274.6948148;279.8328198;11.90523468;1956.628803;8344.025668;2.904854776
9;4;1;1;10000;0.516285002;33.22241974;508.7570182;563.9314428;1260.361253;1474.471987;1078.60692;14.17902379;12.09698284;14.39494801;16.5557382;205.9043391;210.3421343;11.20539875;1684.851513;7996.463668;1.938437402
9;6;1;1;10000;0.516285002;33.22241974;508.7570182;563.9277774;1260.374283;1474.275825;1078.44768;14.17899626;12.09698284;14.39492006;16.55549299;205.9133714;210.3529696;11.20543842;1684.851518;7996.590276;1.938188152
9;12;1;1;10000;0.516285002;33.22241974;508.7570182;563.9341769;1260.351533;1474.618326;1078.725717;14.17904433;12.09698284;14.39496887;16.5559211;205.8976019;210.3340524;11.20536916;1684.851509;7996.369238;1.938623328
9;20;1;1;10000;0.516285002;33.22241974;508.7570182;563.948133;1260.301916;1475.365548;1079.332332;14.17914917;12.09698284;14.3950753;16.55685457;205.8632159;210.2928043;11.20521809;1684.851489;7995.887345;1.939572432
9;21;1;1;10000;0.457253993;35.77122879;503.2054023;560.8466773;1266.312197;1495.039296;1089.642856;13.84308385;11.64121037;14.05389223;16.22525008;209.8590535;214.2328556;11.24002371;1710.945844;8018.270499;2.014439851
9;24;1;1;10000;0.457253993;35.77122879;503.2054023;560.8515428;1266.296115;1495.291967;1089.847954;13.84311119;11.64121037;14.05391999;16.22556356;209.847235;214.218735;11.2399718;1710.945751;8018.104374;2.014762079
9;29;1;1;10000;0.532160997;54.8433609;510.3647882;587.8429967;1361.190322;1658.999638;1151.721304;15.45576647;12.23130666;15.69113347;18.93010224;274.6071609;279.7295249;11.90475699;1956.628769;8342.987155;2.907153111
9;35;1;0;10000;0.473255992;26.36700058;504.6421272;552.3620756;1218.903714;1406.648971;1054.389877;13.48613995;11.75797822;13.69151264;15.46279603;181.8629992;185.9614469;11.00549047;1575.966004;7856.340052;1.637314166
9;37;1;0;10000;0.473255992;26.36700058;504.6421272;552.3574368;1218.922134;1406.350051;1054.143087;13.48611157;11.75797822;13.69148383;15.46250227;181.8747729;185.9757816;11.00553425;1575.966966;7856.523725;1.636963024
9;41;1;0;10000;0.468026996;74.2670517;504.1704389;599.7659862;1431.244948;1803.185486;1220.636532;15.85794389;11.71956668;16.09943543;20.11362228;326.165663;331.4994432;12.5592882;2140.795813;8567.970362;3.762225714
9;43;1;0;10000;0.516285002;33.22241974;508.7570182;563.9650479;1260.24177;1476.271735;1080.068058;14.17927619;12.09698284;14.39520426;16.55798566;205.8215467;210.2428227;11.20503494;1684.851466;7995.303555;1.940722894
9;44;1;0;10000;0.457253993;35.77122879;503.2054023;560.8772076;1266.21127;1496.625503;1090.930491;13.84325537;11.64121037;14.05406637;16.22721673;209.7849053;214.1442687;11.23969789;1710.945256;8017.228498;2.016461947
9;45;1;0;10000;0.468026996;74.2670517;504.1704389;599.7770588;1431.208928;1803.533496;1220.907233;15.8580193;11.71956668;16.09951198;20.11445299;326.1428482;331.4726947;12.55915529;2140.795827;8567.723768;3.762838939
9;51;1;0;10000;0.532160997;54.8433609;510.3647882;587.9045879;1361.000617;1661.357744;1153.578459;15.45616872;12.23130666;15.69154185;18.93450362;274.4676648;279.5651568;11.90399598;1956.628714;8341.335669;2.910812506
9;53;1;0;10000;0.457253993;35.77122879;503.2054023;560.917243;1266.078873;1498.708255;1092.621496;13.84348017;11.64121037;14.05429459;16.22979419;209.6877105;214.0281632;11.23927037;1710.944486;8015.863523;2.019114235
9;54;1;0;10000;0.457253993;35.77122879;503.2054023;560.9232996;1266.058838;1499.023609;1092.877564;13.84351416;11.64121037;14.0543291;16.23018398;209.6730103;214.0106045;11.23920566;1710.94437;8015.657166;2.019515547
9;57;1;0;10000;0.455049008;40.25362015;503.0118953;565.3299717;1286.997218;1540.259443;1110.025085;14.04750242;11.62558291;14.26142378;16.63808203;222.9078286;227.347676;11.36596041;1772.107291;8086.878243;2.208168865
9;59;1;0;10000;0.457253993;35.77122879;503.2054023;560.969086;1265.907343;1501.409857;1094.81544;13.84377106;11.64121037;14.05458991;16.23312935;209.5619144;213.8779182;11.23871631;1710.943491;8014.098384;2.022549877
9;66;1;0;10000;0.532160997;54.8433609;510.3647882;588.1493087;1360.484289;1670.751109;1160.983794;15.45776981;12.23130666;15.69316732;18.95196395;273.9231754;278.9243883;11.90096186;1956.629745;8334.988415;2.925354953
9;69;1;0;10000;0.468026996;74.2670517;504.1704389;600.2048053;1429.811389;1817.032293;1231.414435;15.86092735;11.71956668;16.10246431;20.14647802;325.2523519;330.4319816;12.55403716;2140.796557;8558.2382;3.7865604
9;72;1;0;10000;0.455049008;40.25362015;503.0118953;565.6002987;1286.202546;1553.551351;1120.779454;14.04905849;11.62558291;14.26300354;16.65573335;222.2699904;226.5883335;11.36302144;1772.102091;8078.205273;2.225816532
9;76;1;0;10000;0.473255992;26.36700058;504.6421272;552.737417;1217.429767;1430.375186;1074.010615;13.4884008;11.75797822;13.69380792;15.48632075;180.9212201;184.8197577;11.00186929;1575.964886;7841.910191;1.664845249
9;80;1;0;10000;0.457253993;35.77122879;503.2054023;561.5366337;1264.02367;1531.329223;1119.1494;13.84694031;11.64121037;14.05780742;16.26945876;208.1895879;212.2407998;11.23262062;1710.932732;7994.951049;2.060249647
10;4;3;1;20000;0.615951002;67.6753006;481.2910848;565.7017624;1334.400635;1652.256579;1110.887003;11.43579162;8.706200865;11.60994073;14.37062855;220.5553754;224.3998602;8.414155164;2030.323179;8259.506178;2.368277479
10;5;3;1;20000;0.602594972;82.79238129;479.8352826;577.7190151;1389.302107;1758.589995;1163.452753;11.89764454;8.614388123;12.07882694;15.35718282;252.9948153;257.0337898;8.900528025;2162.079772;8435.18908;2.886204613
10;7;3;1;30000;0.635481;80.77091217;444.9353966;533.7059909;1288.321928;1625.109259;1068.269774;7.837923875;5.715972697;7.957283122;10.06940399;164.5486903;167.1843115;5.753299673;2066.143504;8109.99113;1.782528079
10;10;3;1;30000;0.678636014;82.52870941;449.6059976;540.9345812;1304.381012;1646.681707;1077.569598;8.170884027;5.928758933;8.295313733;10.54065936;172.2099408;174.9655532;5.880044817;2090.835937;8162.633921;1.881677778
10;16;3;1;20000;0.620549977;43.41765976;481.8017246;543.3146143;1233.333784;1465.285941;1031.424718;10.52212077;8.738588288;10.68235611;12.61141141;165.3433128;168.6987673;7.747971413;1772.577233;7912.302507;1.578233508
10;19;3;0;30000;0.672209978;79.7162323;448.8905163;537.7883908;1293.334764;1627.709666;1068.463528;8.054098547;5.895808356;8.176749794;10.3415517;167.2068585;169.9140422;5.798208774;2066.795319;8126.312125;1.808483599
10;20;3;0;20000;0.595601976;82.08925629;479.0870439;576.235262;1385.354486;1752.567884;1160.69706;11.8105259;8.567433077;11.99038162;15.22491519;250.4184245;254.4254422;8.858433791;2154.846414;8422.499364;2.848802215
10;23;3;0;20000;0.613745987;47.19692993;481.046028;546.2509384;1249.242686;1495.651077;1043.686592;10.62251226;8.690705332;10.78427641;12.83709411;173.5475096;176.9734586;7.835647982;1815.768287;7967.824661;1.691952673
10;25;3;0;20000;0.603540003;62.22612;479.9372122;558.8537883;1309.906591;1610.538209;1092.775593;11.12002027;8.620780068;11.28936068;13.81445;206.9030705;210.6054241;8.237395099;1972.547216;8180.209723;2.171096388
10;26;3;0;20000;0.602594972;82.79238129;479.8352826;577.7535428;1389.19804;1759.589503;1164.216955;11.89784032;8.614388123;12.0790257;15.35922667;252.9407118;256.9710084;8.900195393;2162.079791;8434.473873;2.887562181
10;32;3;0;20000;0.618974984;66.62062073;481.6252614;565.1860121;1330.329579;1645.382583;1107.597905;11.42387547;8.727374321;11.59784312;14.33018165;218.3247206;222.1530206;8.378688658;2020.999311;8246.232018;2.333957707
10;41;3;0;20000;0.618974984;66.62062073;481.6252614;565.2270949;1330.148817;1646.769231;1108.665226;11.42409613;8.727374321;11.59806714;14.33249163;218.2561029;222.0724746;8.378283524;2020.999548;8245.214688;2.335630212
10;45;3;0;20000;0.618596971;64.33547974;481.5833433;562.8884089;1320.723518;1630.873882;1101.846107;11.33068417;8.724718506;11.50323266;14.14520425;213.0640258;216.8269244;8.313205314;1997.673318;8214.576369;2.260119226
10;46;3;0;30000;0.658728004;82.52870941;447.4132194;538.2869909;1298.99433;1645.364216;1078.564562;8.03308319;5.828160518;8.155414406;10.36109927;169.6046157;172.2871303;5.838152867;2085.617396;8143.69495;1.856315374
10;49;3;0;30000;0.635481;80.77091217;444.9353966;533.8555998;1287.757209;1629.589062;1071.663586;7.83853404;5.715972697;7.957902579;10.07571594;164.3754418;166.983449;5.752247869;2066.143611;8106.620911;1.786520638
10;51;3;0;20000;0.629621983;66.09327698;482.8144454;566.0987444;1329.905911;1648.339207;1110.109753;11.49605591;8.803030704;11.67112275;14.41159727;218.377031;222.1863162;8.386405853;2017.742943;8243.635999;2.33894272
10;53;3;0;30000;0.678636014;82.52870941;449.6059976;541.1305681;1303.661051;1652.429101;1081.914108;8.171722058;5.928758933;8.296164526;10.54916931;171.9806062;174.6996401;5.87860469;2090.836111;8158.349671;1.887022517
10;59;3;0;20000;0.467144996;55.72225952;466.8710528;538.670945;1262.395447;1551.99184;1075.367706;9.965512318;7.826911002;10.11727139;12.18289096;180.9082046;184.1424021;7.9154173;1880.402624;8021.962804;1.852452712
10;66;3;0;20000;0.550997972;60.90776825;474.5095873;551.8936629;1294.201054;1603.544759;1095.380536;10.67458939;8.284356767;10.83714658;13.22282384;198.0575442;201.519343;8.121280583;1949.214293;8125.234749;2.080935693
10;70;3;0;20000;0.595601976;82.08925629;479.0870439;576.8646951;1383.449461;1770.992316;1174.801905;11.81405532;8.567433077;11.99396479;15.26186572;249.4345892;253.2842867;8.852384969;2154.847163;8409.437877;2.873494962
10;71;3;0;30000;0.725759983;64.95070648;455.0539217;532.6262489;1247.179423;1550.923249;1033.218543;8.025821634;6.184013293;8.148042268;10.05235345;148.5778058;151.1336195;5.517081221;1947.756121;7971.571625;1.532149593
10;72;3;0;20000;0.605177999;83.05604553;480.1141816;579.0251141;1388.598379;1782.141373;1180.754249;11.93495989;8.631901257;12.11671055;15.45141226;252.8191255;256.687589;8.908701093;2164.89419;8424.937361;2.929015091
10;73;3;0;20000;0.633086979;49.13050842;483.2067458;551.0907913;1260.43699;1534.592499;1066.003949;10.86406804;8.828117817;11.0295107;13.20664912;179.2725489;182.6492179;7.903049761;1842.900409;7997.836687;1.795162318
10;76;3;0;20000;0.615951002;67.6753006;481.2910848;566.3522194;1331.623031;1675.963606;1129.159226;11.43958413;8.706200865;11.61379099;14.4031897;219.3760859;223.0204123;8.406920797;2030.32226;8242.718304;2.396841853
10;77;3;0;20000;0.624518991;80.06778717;482.2421228;579.2704887;1381.994299;1773.762631;1177.700615;12.00698261;8.766557347;12.18983006;15.48274511;249.1222631;252.9529927;8.853570044;2145.246124;8401.719909;2.872132361
10;80;3;0;30000;0.611603975;82.88027191;442.4827472;533.3396447;1286.302809;1663.299805;1096.050622;7.745297583;5.606443679;7.863246277;10.01393673;163.7990525;166.2196746;5.752960231;2076.960709;8092.665378;1.825167167
