1.0;1.0;0.567197756023636;0.7372745582447611;0.6287145932350015
1.0;2.0;0.5840199571293299;0.7399878165540961;0.6407290256318902
1.0;3.0;0.8316835151259457;0.911311729796696;0.8517292233120685
1.0;4.0;0.9801854177928547;0.9796460868496961;0.9802824534050555
1.0;5.0;0.5808554774493581;0.7488904746046057;0.6401688346946667
1.0;6.0;0.5010525704761394;0.6963011621180905;0.5768599527574702
1.0;7.0;0.5872414319840138;0.7416817276213511;0.6431333761262691
1.0;8.0;0.5873363912139689;0.7416879871969692;0.6431854803608626
1.0;9.0;0.9664188418506724;0.9807719191195026;0.9696217472433228
1.0;10.0;0.612503592307321;0.7756911248965759;0.666613781452423
1.0;11.0;0.5605948201165104;0.7291828158919175;0.6227125288650864
1.0;12.0;0.5673085347569492;0.7372817590939702;0.6287747376926744
1.0;13.0;0.5841277151082895;0.7399948282986786;0.6407880652903511
1.0;14.0;0.5841952700767731;0.7399992233876692;0.6408250721628298
1.0;15.0;0.5011187884947176;0.6963052597391292;0.5768948850105243
1.0;16.0;0.567357492632943;0.7372849409386709;0.6288013145115743
1.0;17.0;0.5606570089332754;0.7291867669037512;0.6227461854495588
1.0;18.0;0.6742829711460793;0.787786722140009;0.7123923367930534
1.0;19.0;0.6242521712887742;0.761644199506481;0.6724336062274433
1.0;20.0;0.5874475324010999;0.7416953112829013;0.6432464526377192
1.0;21.0;0.584232681734046;0.7400016562505621;0.6408455647838087
1.0;22.0;0.966600535820527;0.9807864929243787;0.9697387319039632
1.0;23.0;0.6125545303740481;0.7756955539819039;0.6666427504424983
1.0;24.0;0.5062221538545617;0.7020701546522667;0.5812720932471139
1.0;25.0;0.9816676382723013;0.9807471251657045;0.981613156748156
1.0;26.0;0.8318410770123437;0.9113236487001006;0.8518250030059101
1.0;27.0;0.9410078891881598;0.9540315878914962;0.9440141243754353
1.0;28.0;0.6743752665698719;0.7877930220862778;0.7124448428437442
1.0;29.0;0.5607689622004808;0.7291940474318761;0.6228068471966934
1.0;30.0;0.9410678959411793;0.9540363197567039;0.9440524131582992
1.0;31.0;0.4786272526860371;0.6533405940189293;0.5534540238499549
1.0;32.0;0.4893716574933271;0.6866130973091831;0.5673588207540989
1.0;33.0;0.5874154951539883;0.7416932003228276;0.6432288788400823
1.0;34.0;0.587538789096483;0.7417013243850736;0.6432965080003271
1.0;35.0;0.9666731266030727;0.9807923158595386;0.9697854635062299
1.0;36.0;0.5875160673713008;0.7416998274838438;0.6432840454594974
1.0;37.0;0.9668330843550882;0.9808051431025828;0.9698884267356266
1.0;38.0;0.9666829229498158;0.9807931009624548;0.9697917692881737
1.0;39.0;0.9667451539763927;0.9807980920497349;0.9698318291827687
1.0;40.0;0.5608304297800284;0.7291980611244567;0.622840155800623
1.0;41.0;0.501282347844801;0.6963151154898098;0.5769810211180231
1.0;42.0;0.9817106858570461;0.9807490459587659;0.9816397242043507
1.0;43.0;0.5810872148214503;0.7489056189105185;0.6402952187310897
1.0;44.0;0.5607741402432556;0.7291943852704786;0.6228096528873479
1.0;45.0;0.9411539966162968;0.9540431105250935;0.9441073488309862
1.0;46.0;0.9412057559391432;0.9540471922103488;0.9441403703119571
1.0;47.0;0.6244690755824578;0.7616587053186824;0.6725544530039734
1.0;48.0;0.832051795733398;0.9113395855456283;0.8519530676479141
1.0;49.0;0.5675140460718813;0.7372951132802432;0.6288862826216007
1.0;50.0;0.6245978916694542;0.7616673170158923;0.6726262009742755
1.0;51.0;0.5811575868360666;0.7489102275390032;0.6403335917783003
1.0;52.0;0.5013814142729598;0.6963212422672352;0.5770332540898127
1.0;53.0;0.5063695734572811;0.7020808974948756;0.5813516091418196
1.0;54.0;0.5812771920080568;0.7489180573204536;0.6403988006792544
1.0;55.0;0.5676029371825967;0.7373008873456685;0.6289345161578246
1.0;56.0;0.5610201977527842;0.7292104442903437;0.6229429637651588
1.0;57.0;0.5064621450800593;0.7020879708578196;0.5814016863507399
1.0;58.0;0.9822988025048884;0.9807747652503717;0.982002291841831
1.0;59.0;0.96720751474859;0.9808351618684802;0.9701293782943006
1.0;60.0;0.9823848187603823;0.9807778068601807;0.9820549164867877
1.0;61.0;0.47903494991681983;0.6533578333491324;0.5536625843498076
1.0;62.0;0.48977215244558026;0.6866387656062827;0.5675695167309599
1.0;63.0;0.9815903631182555;0.9797095240152279;0.9811494586308191
1.0;64.0;0.5066390922813014;0.7021015587689119;0.5814974075276742
1.0;65.0;0.96779983310791;0.9808826281921469;0.9705103545706302
1.0;66.0;0.9676947370999042;0.9808742077243346;0.9704427737843622
1.0;67.0;0.6751642991687945;0.7878470040204787;0.7128934997751972
1.0;68.0;0.4792482305899263;0.6533668466280775;0.5537716231946456
1.0;69.0;0.9830568044689474;0.9808076949526564;0.9824691576744228
1.0;70.0;0.675497598853567;0.7878697220729262;0.7130828284983697
1.0;71.0;0.9822550667166909;0.9797391072030529;0.9815589950590977
1.0;72.0;0.9836243309871013;0.9808329903524307;0.9828188164821259
1.0;73.0;0.675678967991391;0.78788207974156;0.7131858143543038
1.0;74.0;0.4796242016415563;0.6533827250424002;0.5539637271796807
1.0;75.0;0.5688100386971296;0.7329282486863764;0.6288415483964408
1.0;76.0;0.9841002631313785;0.9808541913183227;0.983111882418324
1.0;77.0;0.9843050082464674;0.9808633097734366;0.9832379130126261
1.0;78.0;0.49049294187256554;0.6866816626097302;0.5679466995512378
1.0;79.0;0.9693715255417855;0.981008443324825;0.9715201316877967
1.0;80.0;0.48007398572506377;0.6534017066848936;0.5541933600080086
1.0;81.0;0.9850317997251616;0.9808956604756008;0.9836850726914746
1.0;82.0;0.9853411600234436;0.9809094236803075;0.9838753033552468
1.0;83.0;0.5028856590980899;0.6964141213233148;0.5778250455839042
1.0;84.0;0.8349972275953323;0.9115625101536171;0.8537398369431726
1.0;85.0;0.5865377558828757;0.7401513017533506;0.6421055812631951
1.0;86.0;0.6270730575955363;0.761832446787967;0.6740018897751248
1.0;87.0;0.5701449863905931;0.733014711996163;0.629564910218994
1.0;88.0;0.6152007974424454;0.7759258154244514;0.6681444355077312
1.0;89.0;0.9718819348254635;0.981208940974005;0.9731295908524414
1.0;90.0;0.5873111369000823;0.7402013794206818;0.6425271885591362
1.0;91.0;0.987031489556453;0.9799511062381194;0.9844934470969039
1.0;92.0;0.5710566889608798;0.733073643584608;0.6300579151640182
1.0;93.0;0.5879680968332726;0.7402438674056953;0.6428848782272141
1.0;94.0;0.5093978209698548;0.7022945389779913;0.5829674528911768
1.0;95.0;0.5712761047383629;0.7375386396686783;0.6309206353917077
1.0;96.0;0.5886487979503573;0.7402878406056973;0.6432550585242373
1.0;97.0;0.9897647537996658;0.9800719642798545;0.9861660491255582
1.0;98.0;0.5655287910785999;0.7295162424073702;0.6253815216831652
1.0;99.0;0.9764337207175515;0.9815797029045886;0.975961933227474
1.0;100.0;0.991670182698105;0.9801560212863867;0.9873292263649657
2.0;1.0;0.3059131651861439;0.11246982221092258;0.14952050097957298
2.0;2.0;0.7385612772821166;0.5332887148686827;0.5728631098806969
2.0;3.0;0.0;0.0;0.0
2.0;4.0;0.7548070703747034;0.5497189237432887;0.5862645568308101
2.0;5.0;0.7109759256246974;0.516374931467474;0.5523671635809807
2.0;6.0;0.5655268567680966;0.45068167762251266;0.45254290827508903
2.0;7.0;0.36568440764323934;0.11867359655968426;0.17742920713661425
2.0;8.0;0.37223831593642126;0.12496592743646769;0.18161168592958896
2.0;9.0;0.6646670529965573;0.4808129788333922;0.5170037431286244
2.0;10.0;0.7368532398154771;0.5337734867037923;0.5718533436866865
2.0;11.0;0.6896845340524497;0.5060709868860052;0.5372611620300848
2.0;12.0;0.49590499217370426;0.4197425671292942;0.40644677231517873
2.0;13.0;0.49870684919620684;0.40319180405521854;0.4050444567610016
2.0;14.0;0.5133825501573458;0.43107234800373867;0.41855760546535326
2.0;15.0;0.7404828009652942;0.5382080656273863;0.5750058203588393
2.0;16.0;0.6648308133020475;0.48082321598048255;0.51708380908226
2.0;17.0;3.906793358095165e-05;2.6467211028673923e-06;1.0361939898523e-05
2.0;18.0;0.6630150683247007;0.5042211781770424;0.5205849380713082
2.0;19.0;0.7040367894846482;0.5121114614217895;0.5472377423458029
2.0;20.0;0.6980682156621513;0.5098058404452287;0.5431338478583678
2.0;21.0;0.7339899546704248;0.5338737472146233;0.5700886001553815
2.0;22.0;0.32205491201038994;0.09172440968295534;0.1527249913801689
2.0;23.0;0.7003908472574558;0.5081536078252035;0.544177217581521
2.0;24.0;0.5524451432798756;0.7226112293260321;0.6159840707165883
2.0;25.0;0.5525861488264188;0.4536551619586299;0.44539894263307933
2.0;26.0;0.3061133910985619;0.11248064526363985;0.1495791333603582
2.0;27.0;0.7122915559060558;0.5235494282032144;0.5545806085165884
2.0;28.0;0.7320676271656147;0.5263631520637903;0.567341248516913
2.0;29.0;0.5658290808553808;0.45069967762076435;0.45268418213366174
2.0;30.0;0.2864547952507099;0.10815530199018092;0.14005334436078573
2.0;31.0;0.9564401395452713;0.9609411437334152;0.9573669219291695
2.0;32.0;0.45027486800005473;0.3978530160475168;0.37646217527833137
2.0;33.0;0.748303162356343;0.5421003254157886;0.5805518874364344
2.0;34.0;0.703133759195465;0.5160257880203013;0.5474160425824901
2.0;35.0;0.5660271742547015;0.4507114711626752;0.45277675198007505
2.0;36.0;0.6959960947115135;0.5095007254421063;0.5417305960336719
2.0;37.0;0.7251908229886496;0.5308741866253579;0.5639251609790819
2.0;38.0;0.703831216690208;0.5202736611838319;0.5485888306387726
2.0;39.0;0.7100952702061556;0.5186203481177097;0.552170808147565
2.0;40.0;0.40212123573701825;0.13742326812584968;0.19751973269720735
2.0;41.0;0.6355160944589888;0.48109832071679187;0.4993123124638984
2.0;42.0;0.23628163821528037;0.08428182717970992;0.11393237536865168
2.0;43.0;0.6660247967411752;0.48089780500705737;0.5176671656927934
2.0;44.0;0.7106526470997947;0.5186562918077794;0.5524476235484594
2.0;45.0;0.7561095945095164;0.5457529843303364;0.5860315386043317
2.0;46.0;0.7319282494496372;0.52856147635007;0.5675055749161079
2.0;47.0;0.7090236364943872;0.5219392639259133;0.5520363612615248
2.0;48.0;0.7260801093960872;0.5309321025732239;0.5643692512510798
2.0;49.0;0.535336065941489;0.4498980673580677;0.4340983213192272
2.0;50.0;0.7140144567320569;0.5236609287530885;0.5554368427302594
2.0;51.0;0.45068711930248156;0.3986246861608462;0.3763919846379922
2.0;52.0;0.29935253085122054;0.11263619465536674;0.14654488963151477
2.0;53.0;0.45384265141996855;0.16288519630266898;0.22625116831531641
2.0;54.0;0.5376650647951354;0.4452394090133995;0.43482194373707467
2.0;55.0;0.7186406576046428;0.5235087483983949;0.5581191407326349
2.0;56.0;0.7584574850067312;0.5499611327736506;0.588110198816287
2.0;57.0;0.7176703916733768;0.5219751757444168;0.5571608124606988
2.0;58.0;0.40709877731847705;0.3795970742451193;0.34786027658761715
2.0;59.0;0.43166928491376055;0.38834968839826195;0.36358458650773623
2.0;60.0;0.4895779515249858;0.41476102007137255;0.401476854905799
2.0;61.0;0.7311092469667728;0.5321412173705018;0.5673424024703274
2.0;62.0;0.7313629683099475;0.5321393953792959;0.5674214322845889
2.0;63.0;0.9614248246785654;0.9611582560300995;0.9604051033777471
2.0;64.0;0.3271273944697129;0.09196096469745837;0.15453266767413332
2.0;65.0;0.7171061859662816;0.5167695535149633;0.5554092141674768
2.0;66.0;0.4975163177855971;0.4245195486637922;0.40722187166637197
2.0;67.0;0.7473835188358214;0.5386717544213989;0.5783806238283721
2.0;68.0;0.5705435892421538;0.45100135580665585;0.4547577178249779
2.0;69.0;0.7380749358312224;0.5289702536225314;0.5705006676349623
2.0;70.0;0.4539317902839273;0.3988957782669603;0.37762109872868216
2.0;71.0;0.7478307216975806;0.533915500028841;0.5773438033174972
2.0;72.0;0.4960247744433836;0.42363301448796026;0.40581434030518004
2.0;73.0;0.7251330928126505;0.5239629936473174;0.5610356413436953
2.0;74.0;0.4304143780346157;0.38288418435494226;0.36172336107970043
2.0;75.0;0.3454048311386842;0.10250424051933082;0.16414095997356914
3.0;1.0;0.29403888538532175;0.32230868633706106;0.2772614269837185
3.0;2.0;0.730354212536;0.5338745057579007;0.5678544527181535
3.0;3.0;0.5498207546580289;0.4455516908693937;0.44240612817248737
3.0;4.0;0.4575654779016444;0.37381418783281434;0.3762462580328775
3.0;4.0;0.45646932028925385;0.3733112619535494;0.37554720491389254
3.0;5.0;0.4400147629734176;0.3940901378200596;0.3696711555337711
3.0;6.0;0.7523390406596202;0.5448287089080965;0.5836634225592534
3.0;7.0;0.5799207769549035;0.7510392683521089;0.6398498543509609
3.0;8.0;0.6506822991255017;0.7758142893773243;0.6934749542913142
3.0;9.0;0.7175035472988153;0.5255457366913732;0.5582123160339836
3.0;10.0;0.9757998128472007;0.9721279349504971;0.9747378461292443
3.0;11.0;0.7252782633664874;0.5280918520080298;0.5635144136409325
3.0;12.0;0.7430474544450842;0.5427317723237087;0.5774978198178301
3.0;13.0;0.49050902197563007;0.4174028095804721;0.4029748970984884
3.0;14.0;0.236379627375636;0.30164893416788724;0.24302821768580515
3.0;15.0;0.7090454773191496;0.5186177813942382;0.5515931526442652
3.0;16.0;0.4272539927063834;0.6340972158490009;0.517381951945346
3.0;17.0;0.6135350459487299;0.48159828997709114;0.48652731304535235
3.0;18.0;0.7207982167198739;0.8273911983736674;0.7533005689402837
3.0;19.0;0.49321720624983034;0.41845865720264613;0.4047624029265548
3.0;20.0;0.4537957324614033;0.3990153667579716;0.3787871339338483
3.0;21.0;0.7606834891669116;0.8581625528777492;0.7883253621923235
3.0;22.0;0.5834850147506319;0.4567643150533344;0.4640154717685807
3.0;23.0;0.47431629212203125;0.40823105033435547;0.39216183943749544
3.0;24.0;0.4577440951432652;0.37382421993949494;0.37632627171140903
3.0;24.0;0.4566476145340526;0.3733212813116036;0.37562703601967296
3.0;25.0;0.716741936395852;0.5273799251457001;0.5580740226365623
3.0;26.0;0.49262594864143217;0.39911711460856264;0.40087198513942124
3.0;27.0;0.935790772973693;0.9465766330586964;0.9381543528385076
3.0;28.0;0.7349357701094358;0.5383631484193829;0.5715347838844886
3.0;29.0;0.7198900010470785;0.5273428786994369;0.5600225576311469
3.0;30.0;0.46220413342150807;0.4050903582000418;0.38440031444267736
3.0;31.0;0.7083794441116452;0.5183451020841233;0.5511432863633922
3.0;32.0;0.46228300796037625;0.4050971595922868;0.3844306909594325
3.0;33.0;0.2386033577116099;0.30181249904605756;0.2443867813186415
3.0;34.0;0.47845390249483943;0.4117119746259089;0.39489015045451453
3.0;35.0;0.7527972547766159;0.544859015580476;0.5838952033481963
3.0;36.0;0.7304522815279557;0.5299569441954113;0.5670602456461236
3.0;37.0;0.44330485997073893;0.388970260727766;0.37122302391858286
3.0;38.0;0.4801726511600111;0.6827821701005525;0.5605667679910663
3.0;39.0;0.4433264934168613;0.3889715026564655;0.37123253954795493
3.0;40.0;0.41206870369933496;0.38097098735018253;0.35147643577259796
3.0;41.0;0.35278895320777165;0.34133794569404924;0.31314983538201885
3.0;42.0;0.7259659346081375;0.5312450856036763;0.5644968032849749
3.0;43.0;0.7803563510135283;0.5665016980089008;0.6055956741538787
3.0;44.0;0.29557869381205387;0.33145819604275467;0.27876830210852677
3.0;45.0;0.3218772912873689;0.3342035338272245;0.2942195768199708
3.0;46.0;0.23873475410275044;0.3018222370844199;0.24444161010044438
3.0;47.0;0.7367930550471641;0.5357394778957159;0.5721258701883797
3.0;48.0;0.44029765221411;0.39411382795527866;0.36977838347538067
3.0;49.0;0.9628129154426168;0.9659509566210889;0.9633881665808863
3.0;50.0;0.7246982730250096;0.5295128404788803;0.5633601833588313
3.0;51.0;0.6945082832672206;0.81755378871708;0.7323754846087539
3.0;52.0;0.7223855377953489;0.5255392635762609;0.561158173407159
3.0;53.0;0.9984136864543794;0.9998692256516084;0.998966422886247
3.0;54.0;0.7291667321606956;0.5239736026293479;0.5649791760980333
3.0;55.0;0.6216076384930765;0.48137871932026083;0.49123375612850423
3.0;56.0;0.6986998533787137;0.5027380539629499;0.541932453616836
3.0;57.0;0.7544906445209766;0.5447334607322564;0.5848763024993738
3.0;58.0;0.7097614603332238;0.519568096948518;0.5521521155066583
3.0;59.0;0.5119450445502087;0.43031901041533605;0.4174284515163711
3.0;60.0;0.7184710145360406;0.5256085343008084;0.5586944657025684
3.0;61.0;0.6948085886432797;0.5124206326129144;0.5414995221289706
3.0;62.0;0.6740058472151083;0.49892111518476145;0.526141707501158
3.0;63.0;0.4805153205053858;0.6828031129067579;0.5607458648379199
3.0;64.0;0.34420988972035144;0.3517332203734765;0.30845697368296676
3.0;65.0;0.7811791780723777;0.5665571927801147;0.6060160861444577
3.0;66.0;0.5804735740839689;0.7510861917967634;0.6401599838173629
3.0;67.0;0.4785882251270584;0.6644074323467586;0.5560712705569137
3.0;68.0;0.4694272030362881;0.40689494859314596;0.38892071433195213
3.0;69.0;0.736094337681302;0.5356087152335653;0.5715514073675488
3.0;70.0;0.40886313001481783;0.37916187969375026;0.3492844595199848
3.0;71.0;0.7420945330760264;0.538422732312551;0.575802858868963
3.0;72.0;0.4912718624687615;0.6877428306587026;0.5687009653229382
3.0;73.0;0.7273412972787395;0.5313348019379951;0.5651840289666318
3.0;74.0;0.4911939835308878;0.6863913551363032;0.5684297753474107
3.0;75.0;0.7277515234278085;0.5288579307862474;0.5649363089523328
3.0;76.0;0.7278350089298075;0.5288633648882988;0.5649780112214629
3.0;77.0;0.7329086420653017;0.537375723738093;0.5698459687713516
3.0;78.0;0.412823958355212;0.3737189502808295;0.35142086499640895
3.0;79.0;0.768081765287002;0.5592232744698212;0.5961174721957369
3.0;80.0;0.7685852301573949;0.5540795043266699;0.595443126475516
3.0;81.0;0.6144505850238615;0.7566513741636368;0.664551281269621
3.0;82.0;0.7280070359351674;0.5313781865764067;0.565516331659594
3.0;83.0;1.0;1.0;1.0
3.0;84.0;0.35387168626481946;0.3414138117080465;0.31362240154161874
3.0;85.0;0.81024783390028;0.8707593719340364;0.8271110698537958
3.0;86.0;0.7260429583385218;0.5301362483153982;0.564056970703161
3.0;87.0;0.6148309752592606;0.7566764262771218;0.6647617361568237
3.0;88.0;0.4277000871017821;0.6342902321791887;0.5175717940568528
3.0;89.0;0.7009555402125948;0.5028818361599275;0.5430474737821122
3.0;90.0;0.47928249486341024;0.6644495389353621;0.5564352137318312
3.0;91.0;0.9213136902817078;0.936599601506917;0.924375364944643
3.0;92.0;0.7122787332993323;0.5197302828502536;0.5534004325056876
3.0;93.0;0.7478481167280412;0.5391803024449563;0.5792574505318774
3.0;94.0;0.7295725106802521;0.5289763495907761;0.5658451280194634
3.0;95.0;0.3212086282250713;0.34315635347352336;0.2941658348921952
3.0;96.0;0.9660349289312024;0.9660932227938968;0.9653577504971831
3.0;97.0;0.7129325586951979;0.5197723426938932;0.5537241355539351
3.0;98.0;0.34804197538211823;0.3350022522764737;0.30932970966453055
3.0;99.0;0.7344119178999712;0.5302151878107707;0.5690413651954367
3.0;100.0;0.7228056777445494;0.5264343956382906;0.5610933834872622
4.0;1.0;0.47831840991675084;0.6533275256143674;0.553295922869484
4.0;2.0;0.5807282653352075;0.748882162500119;0.6400994352029161
4.0;3.0;0.5059852421101118;0.70205422949298;0.5811449055784956
4.0;4.0;0.5806843533669263;0.748879285560069;0.6400754721392145
4.0;5.0;0.6239904833024364;0.7616266935175067;0.6722877516653577
4.0;6.0;0.4783640855210794;0.6533294591560552;0.5533193109070422
4.0;7.0;0.478264251975472;0.6533252340487514;0.5532681881960427
4.0;8.0;0.6740702144252015;0.7877721961424821;0.7122712738940783
4.0;9.0;0.5010696672851042;0.696302220254091;0.5768689729436928
4.0;10.0;0.6124144194919922;0.7756833684197278;0.6665630628981977
4.0;11.0;0.6241652979905813;0.7616383893199473;0.6723851940195956
4.0;12.0;0.6240704048281569;0.7616320405039434;0.6723323033177666
4.0;13.0;0.584065625392821;0.7399907891088449;0.640754048241729
4.0;14.0;0.5808654619050438;0.7488911247845579;0.6401742798879587
4.0;15.0;0.5872773396873415;0.7416840946163404;0.643153079939336
4.0;16.0;0.5010480008052159;0.6963008795235361;0.5768575426411099
4.0;17.0;0.5010617823087498;0.696301732619127;0.5768648127816879
4.0;18.0;0.5060890626477205;0.7020610616944057;0.5812005793444417
4.0;19.0;0.5840379798013393;0.7399889894277354;0.6407389009451866
4.0;20.0;0.6124393774195915;0.7756855399357774;0.6665772590999379
4.0;21.0;0.6742585582756145;0.7877850552570922;0.7123784472199078
4.0;22.0;0.8315635126311621;0.9113026506498471;0.851656261310994
4.0;23.0;0.5606165645927892;0.7291841290004485;0.6227242634555881
4.0;24.0;0.9812299032548366;0.980727579396488;0.9813429272301354
4.0;25.0;0.9407645789868129;0.9540123958966654;0.9438588485912549
4.0;26.0;0.5676163507266848;0.7328507604096554;0.6281932333373172
4.0;27.0;0.9665243819793069;0.9807803852698932;0.9696897025377985
4.0;28.0;0.9407812408511962;0.9540137100675818;0.943869483063897
4.0;29.0;0.4784273497704401;0.653332136367623;0.553351701185638
4.0;30.0;0.9813513977747044;0.9807330049994549;0.9814179427845476
4.0;31.0;0.5606743149560899;0.7291878887828844;0.6227555614185786
4.0;32.0;0.560648965211325;0.7291862410229076;0.6227418247696178
4.0;33.0;0.5061311917102571;0.7020638844527931;0.5812231910576946
4.0;34.0;0.8318258319294669;0.9113224960117866;0.8518157370486764
4.0;35.0;0.5673683139440272;0.7372856442379003;0.6288071880486286
4.0;36.0;0.8317682192068573;0.9113181381062901;0.8517807158499227
4.0;37.0;0.6243038572032524;0.7616476565090372;0.6724624066888254
4.0;38.0;0.5061440299162597;0.7020647598584803;0.5812300898109669
4.0;39.0;0.6243112604371909;0.7616481515807002;0.6724665317406857
4.0;40.0;0.5607672141637116;0.729193933756623;0.6228059000030186
4.0;41.0;0.9410385298410665;0.9540340037562205;0.9440336760445429
4.0;42.0;0.5062486083952689;0.702072036137063;0.5812863425041837
4.0;43.0;0.9816592311789277;0.9807467490812225;0.9816079674688059
4.0;44.0;0.5810962394627224;0.7489062106592658;0.6403001403931166
4.0;45.0;0.9667375185884902;0.980797479053277;0.9698269145427708
4.0;46.0;0.5062630441508852;0.7020730709005816;0.5812941205715181
4.0;47.0;0.5811222333659185;0.7489079126009054;0.6403143147485448
4.0;48.0;0.48943564573272025;0.6866170143246794;0.567392406338057
4.0;49.0;0.5609076663946794;0.7292031021438573;0.622882003971909
4.0;50.0;0.4787034276321631;0.6533438162342806;0.5534930046927772
4.0;51.0;0.6127991729372788;0.7757168240028564;0.6667818412303115
4.0;52.0;0.6245140776650075;0.7616617139945396;0.6725795200866619
4.0;53.0;0.9671061708258064;0.98082703886862;0.970064171734023
4.0;54.0;0.5845356353169904;0.7400213571280679;0.6410114594361225
4.0;55.0;0.5680795630359543;0.7328808492929987;0.628444980875298
4.0;56.0;0.5015094127742542;0.6963291570395289;0.5771007264247457
4.0;57.0;0.501582134774259;0.6963338729689535;0.5771391579888636
4.0;58.0;0.5015989039983804;0.6963348291159421;0.5771479565910635
4.0;59.0;0.5847230074241276;0.7400335373783163;0.6411140185087454
4.0;60.0;0.9826469508673487;0.9807894176717781;0.9822165136574205
4.0;61.0;0.5678779689750727;0.7373187481714141;0.6290837022825062
4.0;62.0;0.5848808244046052;0.7400437925859609;0.6412003738595904
4.0;63.0;0.8328650283185175;0.9114016384227978;0.8524472694587516
4.0;64.0;0.47930134980279454;0.6533690903863439;0.5537987734792382
4.0;65.0;0.9833215278913124;0.9808194959312658;0.982632282526452
4.0;66.0;0.6253893155459719;0.7617201876948156;0.6730666795827472
4.0;67.0;0.5020442606396782;0.6963622057289947;0.5773824658283432
4.0;68.0;0.8332796653929126;0.9114329554238287;0.8526989038640443
4.0;69.0;0.9837112419070836;0.9808368627477341;0.982872344628133
4.0;70.0;0.9431430165412636;0.9541998092055006;0.9453750466297536
4.0;71.0;0.4797949118843114;0.6533899312035372;0.5540509048881315
4.0;72.0;0.5888670832389687;0.7417887417170778;0.6440241805683938
4.0;73.0;0.5687168403504068;0.7373731699332297;0.6295382608391289
4.0;74.0;0.5688421704575163;0.7373812929330901;0.6296061123636221
4.0;75.0;0.6141193921592578;0.7758314511533829;0.6675314131658114
4.0;76.0;0.5690592490960752;0.7373953589176768;0.6297235971487644
4.0;77.0;0.9853816557497879;0.9809112244238029;0.9839001995685656
4.0;78.0;0.589509422060413;0.7418309439203801;0.644375465365898
4.0;79.0;0.5697379195541731;0.7329883690842437;0.6293445215015877
4.0;80.0;0.4807296500005543;0.6534293478319463;0.5545277412215223
4.0;81.0;0.9710733893646569;0.9811443978651231;0.9726116639466594
4.0;82.0;0.5702385499439475;0.7330207644066005;0.6296155421681966
4.0;83.0;0.5084611457902948;0.7022363149383178;0.5824755340199546
4.0;84.0;0.508640343875629;0.702247461487433;0.5825697189330126
4.0;85.0;0.9878195816106572;0.9810195303803495;0.9853970956100949
4.0;86.0;0.5639946754708264;0.7294040683050621;0.6245497303718368
4.0;87.0;0.6283293840090015;0.7619160097852219;0.6746980186091895
4.0;88.0;0.9882658732910455;0.9800057287908028;0.9852494145402724
4.0;89.0;0.5848980606894688;0.7491634120744077;0.6423707611622177
4.0;90.0;0.4826334391395678;0.6535094070816809;0.5554962303692632
4.0;91.0;0.4930488625093472;0.6868373615853414;0.569281530286875
4.0;92.0;0.4832588536617117;0.653535643755046;0.5558136050090293
4.0;93.0;0.5105225656360507;0.7023641018585631;0.5835567626217586
4.0;94.0;0.5726878449258498;0.7376296128050941;0.6316803736645903
4.0;95.0;0.992504073315654;0.9801927511417584;0.9878375432340983
5.0;1.0;0.7030046669094829;0.5120389419222521;0.5466203655657457
5.0;2.0;0.12457002952328554;0.04234388866900182;0.058145377880392854
5.0;3.0;0.6018408937667036;0.4730182879774011;0.47801147624553336
5.0;4.0;0.4151761817813625;0.3802338330807533;0.3533894041908518
5.0;5.0;0.7237892003095151;0.5252883174871951;0.5620650575152177
5.0;6.0;0.7166176266650611;0.528419474711262;0.5582202361023467
5.0;7.0;0.6346646775935211;0.48104498152584413;0.4989031411811223
5.0;8.0;0.7301199177998792;0.5284434378795656;0.5665991963941295
5.0;9.0;0.49600108005732246;0.41974889788474384;0.406482641618977
5.0;10.0;0.42958613527339856;0.3881787580011235;0.36280231922549655
5.0;11.0;0.6981392043070597;0.5164422983971289;0.5444714483942895
5.0;12.0;0.29884112411298763;0.11257775229546425;0.14634552159166006
5.0;13.0;0.23571186815387274;0.08425301921461557;0.11377179686034315
5.0;14.0;0.37598562227369886;0.1226933683229531;0.18283441543556656
5.0;15.0;0.6236572625316598;0.48296363069320963;0.49279067959389167
5.0;16.0;0.47585505906753883;0.18024732573835806;0.24024687084502672
5.0;17.0;0.4481062122923582;0.3974223759429699;0.3750217129423191
5.0;18.0;0.7552339317776208;0.5497472894372815;0.5864807253088532
5.0;19.0;0.4501526403141085;0.39784262804167936;0.3764153968625388
5.0;20.0;0.755113953140557;0.5497393183585538;0.5864199753962448
5.0;21.0;0.49610975013525727;0.419756051988989;0.40652319539627085
5.0;22.0;0.7267610022925339;0.5306324450446349;0.5649352447248431
5.0;23.0;0.7211882262043269;0.5284302621740637;0.561040932832577
5.0;24.0;0.507964186736537;0.42780776259219416;0.4148808531930758
5.0;25.0;0.4589369012956858;0.4024344336512954;0.3822420821597852
5.0;26.0;0.7479634256752798;0.5420778697725702;0.5803803736005572
5.0;27.0;0.7318419496543204;0.5345471360413878;0.5688460022087709
5.0;28.0;0.4960789901937524;0.41975403133168665;0.40651171984061274
5.0;29.0;0.4934343280158053;0.42803727399054836;0.40560490985397024
5.0;30.0;0.7052024859266759;0.5170579837531359;0.548913703244943
5.0;31.0;0.9498102948831585;0.9535048613889159;0.9503032820558643
5.0;32.0;0.7052754024588554;0.5170627602385365;0.5489499119468044
5.0;33.0;0.5146231442398915;0.43023006962246335;0.4190884942562418
5.0;34.0;0.6312094815055924;0.4905749081219342;0.4987991425925769
5.0;35.0;0.49352246944355993;0.4280450124068423;0.4056391960803666
5.0;36.0;0.5147175345549931;0.4302363058255997;0.41912401089814477
5.0;37.0;0.3973639412828121;0.15239519284769357;0.1981575022293882
5.0;38.0;0.7345959159749832;0.5339134421880446;0.5703928514033767
5.0;39.0;0.7171162869577526;0.5284504464369915;0.5584679093031201
5.0;40.0;0.725838176519249;0.5240916177273703;0.5629907255505585
5.0;41.0;0.4483807238030236;0.3974456092524054;0.3751264691297591
5.0;42.0;0.7010068930366028;0.5081930297655404;0.5444823902757518
5.0;43.0;0.6990099422550505;0.5164981023225358;0.5449017965557487
5.0;44.0;0.4057032998373706;0.37948552163835364;0.3473455844964773
5.0;45.0;0.4485055758381343;0.39745617148947215;0.3751740917494694
5.0;46.0;0.6637773967944643;0.5042694593504207;0.5209554039308397
5.0;47.0;0.4876270984458795;0.4146356553901651;0.4007549755115672
5.0;48.0;0.7152577806882978;0.5218193662807089;0.5559617986869609
5.0;49.0;0.7252915622099999;0.5294670952197928;0.5636061658110928
5.0;50.0;0.6891807406796081;0.5046659575707786;0.5365206726988422
5.0;51.0;0.6319092412702844;0.4906207065002991;0.49911554585168
5.0;52.0;0.5022529771474892;0.41688532052018634;0.40954497260513467
5.0;53.0;0.5142792664092546;0.4311313210252197;0.41889429068456846
5.0;54.0;0.7459819236848261;0.5369540661033105;0.5779288140059472
5.0;55.0;0.7257433393307059;0.5254153724238011;0.563041853723136
5.0;56.0;0.7059535526351448;0.512234553660321;0.5481882067256072
5.0;57.0;0.5669982825469928;0.450769250062806;0.4532302260233471
5.0;58.0;0.2615437333886612;0.09647467700178669;0.1268860250396932
5.0;59.0;0.26644623785370214;0.3008485510667311;0.2598057211474955
5.0;60.0;0.7003570986777591;0.5099522244244007;0.5442655648478949
5.0;61.0;0.7326354142834751;0.5286075817578565;0.5678595764585673
5.0;62.0;0.7325548614457887;0.5287144609306194;0.5677965475074712
5.0;63.0;0.4907272641368254;0.4181091089865815;0.40289114379945995
5.0;64.0;0.7401841527831486;0.5367804075000981;0.5741129990339722
5.0;65.0;0.5163749615397502;0.43034561892364115;0.4197465137592921
5.0;66.0;0.747293468790492;0.536887971911536;0.5785167177702998
5.0;67.0;0.5680867313631137;0.45083392809465195;0.45373784693139413
5.0;68.0;0.3729435382013153;0.3601515835999855;0.3260097036725958
5.0;69.0;0.4521893921953191;0.39801536236946944;0.37719321373891274
5.0;70.0;0.7344022582763138;0.5287226412992989;0.5687429531545767
5.0;71.0;0.5041619131307213;0.4170001420872671;0.4103585542350989
5.0;72.0;0.6193878043062471;0.4491374163075883;0.4829912954958741
5.0;73.0;0.6350635759137637;0.4898107416376936;0.5003481889020001
5.0;74.0;0.7100679191657515;0.5173705227064315;0.5513210412225021
5.0;75.0;0.6327222811584367;0.48451488144262;0.4978633987260036
5.0;76.0;0.3026071064567508;0.1127792312701704;0.14743953473332988
5.0;77.0;0.29021604367232695;0.1083539012626348;0.1411370802950389
5.0;78.0;0.7080280520169134;0.5080064100587058;0.5480135454603362
5.0;79.0;0.7344939251409545;0.5293441793372613;0.5684876306236654
5.0;80.0;0.7163162063994095;0.51902718547417;0.5551954152340717
5.0;81.0;0.6288752440472674;0.483323078217762;0.49496347556470305
5.0;82.0;0.6346513603979166;0.4846509209737618;0.49862497989135723
5.0;83.0;0.5580628159261037;0.454022157732464;0.44748456011521437
5.0;84.0;0.95841939982768;0.9538791515018868;0.9555268811820711
5.0;85.0;0.7638750556171618;0.5463017117751228;0.5896527825184545
5.0;86.0;0.4688421713751203;0.4048458257324977;0.3871164625254326
5.0;87.0;0.26693262518482747;0.09675054049385065;0.12841038369005556
5.0;88.0;0.37364540386857176;0.11628387140667303;0.17946431828584136
5.0;89.0;0.3138601349075132;0.11289648421280449;0.1518304576945456
6.0;1.0;0.9617633134173683;0.9659045218737838;0.962745098537795
6.0;2.0;0.7470305787421241;0.5478468421214211;0.5810239448890524
6.0;3.0;0.7005000073362493;0.5332014143990883;0.5491215779266408
6.0;4.0;0.6222086364743374;0.48266762139657465;0.49194913858556144
6.0;5.0;0.477851042693839;0.6643626697942979;0.5556842779622757
6.0;6.0;0.7795307353542895;0.5664459716376384;0.6051734949526956
6.0;7.0;0.5511407050218599;0.7220002418388952;0.6150858182424872
6.0;8.0;0.4786331960110519;0.41257614983560703;0.3953220434623296
6.0;9.0;0.4786490494657791;0.41257716335141476;0.39532789125194456
6.0;10.0;0.6209064656172962;0.4813353506176326;0.4908987086024713
6.0;11.0;0.7219258940503815;0.528571914288028;0.5615828329449915
6.0;12.0;0.2940108599055335;0.322306850322366;0.27724964870059277
6.0;13.0;0.5832766304156878;0.45675163973142313;0.46391730146401455
6.0;14.0;0.4399628650922758;0.3940857905384184;0.36965147590769254
6.0;15.0;0.9620163126057191;0.9659157194174051;0.9629001722435884
6.0;16.0;0.4536506059525868;0.3990029612819883;0.3787313977498676
6.0;17.0;0.7261902962744314;0.5304495914945495;0.5645448729738579
6.0;18.0;0.3970734707928889;0.3805349652004759;0.3423322241350282
6.0;19.0;0.7405306834086933;0.538319943324128;0.5750161567853661
6.0;20.0;0.6977455702844252;0.5026771325263832;0.541459974062259
6.0;21.0;0.6977691490523065;0.5026786389890828;0.541471653256755
6.0;22.0;0.7642925271721764;0.5514470861204436;0.5925443401026702
6.0;23.0;0.39705779260064017;0.38053369777452317;0.3423264512470547
6.0;24.0;0.29409749554413545;0.32231255458906094;0.2772860735248988
6.0;25.0;0.40805550399382373;0.37909604472404834;0.3489839408704577
6.0;26.0;0.6134124080935262;0.481590656736966;0.48646886479776913
6.0;27.0;0.7229339451039929;0.5296994166279078;0.5623926975809965
6.0;28.0;0.5834372359965537;0.4567614083664892;0.46399296538576107
6.0;29.0;0.72561551609189;0.5312228774962896;0.5643219095125251
6.0;30.0;0.615767374239835;0.47879557136835316;0.48734006919680944
6.0;31.0;0.6490163503467965;0.4938718166136186;0.5101134833904303
6.0;31.0;0.6408535774572667;0.4899778633826611;0.5044451510864694
6.0;32.0;0.7235512067092384;0.5299739689237348;0.5628134341453552
6.0;33.0;0.3681212984461163;0.3633992027144115;0.3238366767550566
6.0;34.0;0.7364840746371877;0.5357192128914869;0.5719706630640373
6.0;35.0;0.5242267251955254;0.4309419242425764;0.42485439219005894
6.0;36.0;0.9187367528290971;0.9364434170211128;0.9227863469060985
6.0;37.0;0.4788421648601276;0.41258950189710897;0.3953991055480507
6.0;38.0;0.5430761662931151;0.4450602961228105;0.4383412699238802
6.0;39.0;0.9652575517459495;0.9631592337027188;0.9643559862952064
6.0;40.0;0.7177437247980469;0.5255613686322501;0.5583320751762612
6.0;41.0;0.7236955761942577;0.5299835208321502;0.5628856432288877
6.0;42.0;0.49064900164022796;0.6863580036669581;0.5681436659011668
6.0;43.0;0.9071861461231558;0.9267004268796423;0.9117146445143038
6.0;44.0;0.5501275438282139;0.44556991078145286;0.4425482431140761
6.0;45.0;0.6123142189045434;0.4743354144504305;0.4843704040247933
6.0;46.0;0.5261109638508655;0.4318059985256477;0.4260639015563119
6.0;47.0;0.7664557846119929;0.5591145626819971;0.5952919897872538
6.0;48.0;0.45793547993533223;0.3738349574701762;0.3764119802553708
6.0;48.0;0.4568385827336301;0.3733320071560438;0.37571251907848474
6.0;49.0;0.6139962936665431;0.48162734409691565;0.4867414513768206
6.0;50.0;0.46907300031865673;0.40687251526002416;0.38879093631489864
6.0;51.0;0.4200965217270735;0.3781371482817393;0.3563075245499096
6.0;52.0;0.6954047141440979;0.8262064005190787;0.7346555186641054
6.0;53.0;0.7220369526530984;0.5290589426300304;0.561579704241008
6.0;54.0;0.5071591235851992;0.42504291696567176;0.41380089713895196
6.0;55.0;0.9680839418451203;0.9628791049451776;0.9662056612659425
6.0;56.0;0.8365395814572341;0.9070301513894342;0.8543827411389234
6.0;57.0;0.9540812442160522;0.9580682789944425;0.9546225796201935
6.0;58.0;0.7367883578292009;0.5372572061317087;0.5723473543422929
6.0;59.0;0.7376873249652018;0.5357980950180403;0.5725748048800866
6.0;60.0;0.6703620512650826;0.7848239487749342;0.7088779392903035
6.0;61.0;0.551156747503136;0.44563096182905565;0.44302457386138683
6.0;62.0;0.7135715005444012;0.5215226876811819;0.5547393906338615
6.0;63.0;0.7493369109268643;0.5479995228597052;0.5821865744102066
6.0;64.0;0.954779228415837;0.9580987471494247;0.9550478719208513
6.0;65.0;0.6240490952964587;0.48278165254881145;0.49282863444027064
6.0;66.0;0.48107611272335776;0.4177619479508316;0.3968399026007735
6.0;67.0;0.5426416364685281;0.44363403715728195;0.43743608592703853
6.0;68.0;0.6332668629734903;0.4961453078642084;0.5007192617769177
6.0;69.0;0.7299854795494792;0.5282709149664985;0.566092715395439
6.0;70.0;0.7195808196816942;0.5272634781287387;0.5594459749378166
6.0;71.0;0.6594309056626213;0.47602800603484124;0.5124675772240397
6.0;72.0;0.23756961648192598;0.3017407063244699;0.24349077901468705
6.0;73.0;0.4723086301419479;0.4070668404492007;0.3903550167881766
6.0;74.0;0.7386227320152;0.5357741552222187;0.5728178404208903
6.0;75.0;0.7155513224008271;0.5216505904014512;0.5557214603854765
6.0;76.0;0.4930331494481241;0.4175666613027387;0.4039109093626104
6.0;77.0;0.5979288526278462;0.4614668488585348;0.47297903391068674
6.0;78.0;0.49252583522642;0.6878176863440486;0.56935686651394
6.0;79.0;0.4926561671962205;0.6864806518283327;0.5691957842920924
6.0;80.0;0.7187755959495506;0.5213359957321304;0.5574763933621962
6.0;81.0;0.7244646270353425;0.8276488927357011;0.7554181327527437
6.0;82.0;0.5827641427392325;0.7512706049288256;0.6414337260225542
6.0;83.0;0.4649124259730519;0.6624779107257482;0.5465580380373132
6.0;84.0;0.7370408293949058;0.5343244058499532;0.5710820994293542
6.0;85.0;0.7487634594357886;0.5407171206867678;0.5795889714389563
6.0;86.0;0.6703748903886895;0.47936159020023417;0.5191802428295629
6.0;87.0;0.9333233938402731;0.9409251552389521;0.9337894471965343
6.0;88.0;0.2413172072766298;0.30202942053829823;0.2453736182476479
6.0;89.0;0.9359523328633457;0.9440611048842027;0.9365241482598438
6.0;90.0;0.7218455274864282;0.5177764665966503;0.5579803916835612
6.0;91.0;0.6753128465075706;0.7851588509439058;0.7116719296842122
6.0;92.0;0.7349968752351645;0.5287593307840196;0.5680486781361389
6.0;93.0;0.4064643721064312;0.3727470693624166;0.34625091495115135
6.0;94.0;0.45585660541481604;0.4019083892002335;0.3785121770299335
7.0;1.0;0.981076655027678;0.9807207344464356;0.9812482921270028
7.0;2.0;0.5673916110072951;0.7328361526084417;0.6280710141442518
7.0;3.0;0.47834911021395715;0.6533288249118862;0.5533116428514938
7.0;4.0;0.5674050355626378;0.7328370248269724;0.6280783162740725
7.0;5.0;0.624140977798181;0.7616367617452956;0.6723716391631606
7.0;6.0;0.5840304077281545;0.739988497543229;0.6407347517063378
7.0;7.0;0.6123921281233691;0.7756814295661122;0.6665503826744722
7.0;8.0;0.9662264091541487;0.9807564805327944;0.969497824818139
7.0;9.0;0.9663995253561727;0.9807703690989957;0.9696093088894814
7.0;10.0;0.5010706096650323;0.696302278685296;0.5768694699472933
7.0;11.0;0.567170429758556;0.7372727819361335;0.6286997549077302
7.0;12.0;0.5808144825461102;0.7488878048297367;0.6401464757744537
7.0;13.0;0.9801490512872245;0.9796444645869724;0.9802600063193686
7.0;14.0;0.5675524579181711;0.7328466075445684;0.6281584922394939
7.0;15.0;0.47843753701674335;0.6533325676961534;0.5533569169926529
7.0;16.0;0.48918300165734985;0.6866015449287906;0.5672597719156959
7.0;17.0;0.9803763346065744;0.9796545976202794;0.9804002838300643
7.0;18.0;0.5872978995360789;0.7416854502202929;0.6431643612188616
7.0;19.0;0.9812379671640886;0.980727939545187;0.9813479066288443
7.0;20.0;0.9813405296657858;0.9807325194892621;0.9814112328458301
7.0;21.0;0.5011435344556535;0.6963067906366964;0.5769079381820065
7.0;22.0;0.9804142289238685;0.9796562868132925;0.9804236687467208
7.0;23.0;0.9664221690849634;0.9807721857782736;0.96962388974236
7.0;24.0;0.5808713584322233;0.7488915093681245;0.6401774951969651
7.0;25.0;0.48926315625463973;0.6866064542123838;0.5673018596161896
7.0;26.0;0.9408029532113145;0.9540154226330768;0.9438833406477999
7.0;27.0;0.5673137641855819;0.7372820990573439;0.6287775769330226
7.0;28.0;0.9804526297589027;0.9796579983164021;0.9804473657535502
7.0;29.0;0.47852531415547056;0.6533362817960111;0.5534018509555234
7.0;30.0;0.6125316131990858;0.7756935609466254;0.6666297167766522
7.0;31.0;0.6743338073586949;0.7877901918911916;0.7124212581893772
7.0;32.0;0.6742806028085987;0.7877865606574063;0.7123909893437317
7.0;33.0;0.6243116962993768;0.7616481813274953;0.6724667743907953
7.0;34.0;0.5607236095929731;0.7291910950624527;0.6227822724362528
7.0;35.0;0.48927174411611957;0.6866069800932275;0.5673063685389629
7.0;36.0;0.4785985683661449;0.6533393807746395;0.5534393439084465
7.0;37.0;0.5677366092331524;0.7328585742553226;0.6282586123274155
7.0;38.0;0.6125682256227486;0.7756967449160973;0.666650537872538
7.0;39.0;0.8318226102197055;0.9113222516631118;0.8518137786828411
7.0;40.0;0.584289142862879;0.7400053289173837;0.6408764890188172
7.0;41.0;0.5673908007624303;0.7372871050180215;0.6288193946755166
7.0;42.0;0.47862586618548253;0.6533405355877245;0.5534533146250369
7.0;43.0;0.9410965215343774;0.9540385773259823;0.9440706782356689
7.0;44.0;0.5608184926617462;0.7291972813334683;0.6228336877317894
7.0;45.0;0.8319470337334667;0.9113316633366355;0.8518894028130908
7.0;46.0;0.5608429752701619;0.7291988802237103;0.6228469539048146
7.0;47.0;0.9807220192006747;0.9796700043354213;0.9806135740564876
7.0;48.0;0.5843040814658172;0.7400063010001553;0.6408846704627001
7.0;49.0;0.48942959229515337;0.6866166435521248;0.5673892292600968
7.0;50.0;0.5063206761431911;0.7020772566996203;0.5813252000713878
7.0;51.0;0.6246088992542725;0.761668052186688;0.6726323312054968
7.0;52.0;0.9821323398538411;0.9807678544324158;0.9818998919351964
7.0;53.0;0.9415610625351115;0.9540752041299561;0.9443670031734978
7.0;54.0;0.5676869117678491;0.7373063416330451;0.6289800750812665
7.0;55.0;0.6748688038760647;0.7878268548162739;0.7127255663938288
7.0;56.0;0.5065290641485544;0.7020932137304733;0.5814379410859017
7.0;57.0;0.5065778348332087;0.7020970351312706;0.5814643602992643
7.0;58.0;0.5066423488600382;0.7021016915671049;0.5814991099795673
7.0;59.0;0.48977553198333335;0.6866391650632468;0.5675713830301939
7.0;60.0;0.6131116521736064;0.7757439785773306;0.6669594142968959
7.0;61.0;0.5614268489143189;0.7292369646206488;0.6231631472832763
7.0;62.0;0.5881799717361261;0.7417435467737012;0.643647974590357
7.0;63.0;0.9680379643488778;0.9809017033245682;0.9706634535258546
7.0;64.0;0.6252516289752779;0.7617109948727137;0.6729900887531872
7.0;65.0;0.9681316416852026;0.9809092058912714;0.9707236705444929
7.0;66.0;0.8333404273345199;0.911437543866988;0.8527357679552688
7.0;67.0;0.5854014374698208;0.7400776051306318;0.6414850781198306
7.0;68.0;0.9840073226315493;0.9808500522642482;0.983054663806022
7.0;69.0;0.9841412708810906;0.9808560186214565;0.9831371266121853
7.0;70.0;0.562005595901559;0.7292746824945749;0.6234762299029396
7.0;71.0;0.5824378030853741;0.748993950956475;0.641030816048872
7.0;72.0;0.9694509552314386;0.9810147963903708;0.9715711202000218
7.0;73.0;0.5624354734708074;0.7293026774160134;0.6237085646519395
7.0;74.0;0.5893501772871743;0.7418204847347113;0.6442884132737419
7.0;75.0;0.5078451513970056;0.7021962534418844;0.5821499927605887
7.0;76.0;0.480601432191759;0.6534239445390756;0.5544623856381871
7.0;77.0;0.9454179437084635;0.9543787319290775;0.9468218124070331
7.0;78.0;0.5701242393505173;0.7330133702032225;0.6295536812145726
7.0;79.0;0.49151618845840445;0.6867440936961531;0.5684819583847726
7.0;80.0;0.9720002792087293;0.9812183834567095;0.9732053616650722
7.0;81.0;0.6782655026705456;0.7880579619177135;0.7146514935762875
7.0;82.0;0.5842187910355644;0.7491194664964296;0.6420028177715089
7.0;83.0;0.5844984750833789;0.7491375684836935;0.6421543726606028
7.0;84.0;0.8376031576829825;0.911778012936204;0.8551117073207566
7.0;85.0;0.5647467698964503;0.729452889170296;0.6249546158763135
7.0;86.0;0.5716765574808031;0.7375644694483804;0.6311363450971966
7.0;87.0;0.5052568934564069;0.6965599454253057;0.5790681296109591
7.0;88.0;0.6809684437520448;0.7882410608788593;0.7161771120566556
7.0;89.0;0.5900072776138676;0.740375447042328;0.6439925057565192
7.0;90.0;0.6184077567099128;0.7762182455441926;0.6698009157382777
8.0;1.0;0.46230742358365484;0.6623204747497744;0.5452060384410388
8.0;2.0;0.9646434292660502;0.963134258080993;0.9639804083986426
8.0;3.0;0.6407607901974067;0.49495902054508856;0.5054204086898353
8.0;4.0;0.7305696633439931;0.5372226446052302;0.568674871463581
8.0;5.0;0.24332200541274712;0.29105720124159074;0.2462580068960429
8.0;6.0;0.49051480471983916;0.6876957489186022;0.5683032446286065
8.0;7.0;0.7283012695215674;0.5239172165166635;0.5645454245932385
8.0;8.0;0.7484830881021267;0.5434648799666054;0.5810265375781639
8.0;9.0;0.6133227452773397;0.48158507602570966;0.48642612716949035
8.0;10.0;0.7660632627261371;0.553911082221798;0.5941614111466323
8.0;11.0;0.4781531493277336;0.411692432043849;0.3947791454415873
8.0;12.0;0.7523574413847256;0.5448299264019285;0.5836727322091114
8.0;13.0;0.5945220317369883;0.4612597761052301;0.47137021531112183
8.0;14.0;0.7282866337281485;0.5239162624944459;0.5645380857928225
8.0;15.0;0.24338358677526606;0.29106108872276887;0.24628340713499083
8.0;16.0;0.49049744272314333;0.4174020563491222;0.402970591814553
8.0;17.0;0.760622482224875;0.8581581461025176;0.7882894289100397
8.0;18.0;0.9353577507734694;0.946557623794179;0.937891667320192
8.0;19.0;0.34369523833224264;0.3516960368794784;0.3082749369466844
8.0;20.0;0.23556643241230485;0.29983568023315854;0.2426179447247187
8.0;21.0;0.4010739791091347;0.37230911260863625;0.3442561040059525
8.0;22.0;0.7255178141417755;0.5312164968087194;0.5642730369716724
8.0;23.0;0.29406230816041984;0.32231023189554886;0.2772712773298011
8.0;24.0;0.7557254806346385;0.8571333711326994;0.7844986014377591
8.0;25.0;0.779964190663885;0.5664752329226439;0.6053951850861229
8.0;26.0;0.7000565253611551;0.518929260086762;0.5461526141772883
8.0;27.0;0.5258060401708392;0.43178815469807086;0.4259242318412279
8.0;28.0;0.5799343290572871;0.7510404125413386;0.6398574576477986
8.0;29.0;0.7250842753301606;0.5257040501978053;0.562870742483582
8.0;30.0;0.2941708617025704;0.3223173970486036;0.2773169212978151
8.0;31.0;0.6731392348174131;0.49886620791275266;0.5257177158362957
8.0;32.0;0.5903760757503157;0.4662211580231638;0.46991530944190707
8.0;33.0;0.7091245748359368;0.5186228819072293;0.5516324541597403
8.0;34.0;0.7287786624923737;0.5239483242277424;0.5647847298762505
8.0;35.0;0.4622258815682061;0.4050922343729103;0.38440869094291846
8.0;36.0;0.44911340813847916;0.39154934186781587;0.37496526675319514
8.0;37.0;0.49087347433667716;0.41742652202578734;0.40311036217871765
8.0;38.0;0.6122494800645862;0.47433142837987374;0.4843395796586401
8.0;39.0;0.6943397945452099;0.5123906499681253;0.5412682781351251
8.0;40.0;0.2365856773244696;0.3016641925740074;0.24311403624155287
8.0;41.0;0.29429641570520326;0.32232568248721355;0.27736970198785815
8.0;42.0;0.7447840679542737;0.5389796624361134;0.5777220074528661
8.0;43.0;0.7413129550969001;0.5383713797825685;0.5754098366921843
8.0;44.0;0.9287034216677336;0.9436623979643014;0.932086637960044
8.0;45.0;0.47996315193547456;0.6816350083162033;0.5602173315476113
8.0;46.0;0.7226956753047307;0.5255593777217428;0.5613130341114095
8.0;47.0;0.5504920714328387;0.4455915069547669;0.44271700197395175
8.0;48.0;0.42698451792738346;0.634248207394272;0.5172047791344084
8.0;49.0;0.7319535459733347;0.5373132607801038;0.5693681048810665
8.0;50.0;0.7215368618148309;0.8274433275074817;0.7537281324771752
8.0;51.0;0.6749063100466116;0.5065879766250856;0.5281729261057033
8.0;52.0;0.5072207187117866;0.42504694128210796;0.41382396216318107
8.0;53.0;0.5072929754862568;0.42505166146107454;0.4138510164800455
8.0;54.0;0.48066889539978347;0.41772654395261755;0.39668241331704157
8.0;55.0;0.3467153521976144;0.33493299111339614;0.30877298136777553
8.0;56.0;0.7448194654694421;0.5428485561168871;0.5783897329602941
8.0;57.0;0.294907483479378;0.3223659800457147;0.27762640707823555
8.0;58.0;0.2949375231012697;0.3223679599074123;0.2776390194223483
8.0;59.0;0.5076994119283151;0.42507819666477714;0.41400311518626565
8.0;60.0;0.35071449787102443;0.3348070368082124;0.31084102427204846
8.0;61.0;0.778282181969417;0.5638163953127391;0.603505155295578
8.0;62.0;0.44132277621896643;0.39419954653279987;0.3701663661760922
8.0;63.0;0.40858604645844904;0.3686620588402123;0.3481708866728855
8.0;64.0;0.4702314908117356;0.4069458219872488;0.389215020046362
8.0;65.0;0.7565306447224834;0.5448682423989153;0.5859068835474666
8.0;66.0;0.6615910845389944;0.4997374564853946;0.5185251382487276
8.0;66.0;0.6616271087781074;0.49975837698150355;0.5185536344221908
8.0;67.0;0.7296203793595818;0.5306730132989724;0.5662584235738746
8.0;68.0;0.6999917626634782;0.5119711564126935;0.5442534089356599
8.0;69.0;0.3478760486121596;0.3349935980838421;0.3092601439847627
8.0;70.0;0.7287494349505552;0.525942097863996;0.5647008626643089
8.0;71.0;0.5089404134273046;0.42515908138807873;0.41446672201722684
8.0;72.0;0.47684290079737185;0.4083988339455162;0.3930955656411009
8.0;73.0;0.24550623011774458;0.29119193881924965;0.24715557901356713
8.0;74.0;0.758643891793826;0.5450075901986373;0.5869722766938971
8.0;75.0;0.7018865381724753;0.5120920442012237;0.5451860724722265
8.0;76.0;0.5361561567034122;0.4387781873072428;0.43242640666917886
8.0;77.0;0.5949708991334982;0.7442346517669515;0.6484439735090772
8.0;78.0;0.3749898570281189;0.36497715015012694;0.3271272533287235
8.0;79.0;0.40439788157763856;0.3725808612690158;0.34549004613161743
8.0;80.0;0.3753988269764848;0.3650096463991104;0.3272751294549043
8.0;81.0;0.6365317129977615;0.496372432082248;0.502008833195679
8.0;82.0;0.7296868827531915;0.5290978036308006;0.5652576408954916
8.0;83.0;0.5892569908693115;0.4571340347837003;0.46652513631158377
8.0;84.0;0.49425982530405027;0.6879225427347379;0.5702617945968398
8.0;85.0;0.7252382714050704;0.5276681397196076;0.5619221178753471
8.0;86.0;0.6478294554032281;0.4954541867603488;0.5083168005508293
8.0;87.0;0.33175022131017246;0.33959578001305457;0.2992786256222837
8.0;88.0;0.4177658739379565;0.37400867981652114;0.3531654318980352
8.0;89.0;0.7097155048594915;0.5338789890248915;0.5528628743478038
9.0;1.0;0.981274242826863;0.9807295596831399;0.9813703053405542
9.0;2.0;0.8314720724148599;0.9112957313328068;0.8516006577653368
9.0;3.0;0.9663073262808637;0.9807629727708466;0.9695499368549864
9.0;4.0;0.6124135633668975;0.77568329405274;0.6665625760375278
9.0;5.0;0.5808803885791222;0.7488920873058597;0.6401824160787665
9.0;6.0;0.6123799294877752;0.7756803693053406;0.6665434441297029
9.0;7.0;0.9814271790684552;0.9807363886974091;0.9814647282223692
9.0;8.0;0.9813682514184495;0.9807337571684196;0.9814283478709126
9.0;9.0;0.5011463790299232;0.6963069627431543;0.5769094369950619
9.0;10.0;0.5675221622845954;0.7328446389441575;0.628142016999266
9.0;11.0;0.5809369405508109;0.7488957780332355;0.6402132583901047
9.0;12.0;0.6124386515943506;0.7756854761926448;0.6665768463606841
9.0;13.0;0.4784418103013795;0.6533327483016957;0.5533591047447649
9.0;14.0;0.5675740023566472;0.7328480077687138;0.6281702073243597
9.0;15.0;0.5675630736858249;0.7328472980951714;0.6281642643472419
9.0;16.0;0.5676579989644098;0.7328534663056328;0.628215877039813
9.0;17.0;0.5675674891991747;0.7328475849392678;0.6281666651008972
9.0;18.0;0.9813299129805277;0.98073204566531;0.9814046773917481
9.0;19.0;0.5873086694613052;0.7416861598938356;0.6431702706462856
9.0;20.0;0.6125667134103627;0.7756966142426757;0.6666496780641115
9.0;21.0;0.5841076131442493;0.7399935205020753;0.6407770524083743
9.0;22.0;0.5809066384940033;0.748893792434656;0.6401967285340964
9.0;23.0;0.9815411905227854;0.9807414796489302;0.9815351084574884
9.0;24.0;0.5841522591962123;0.7399964250641494;0.6408015109152257
9.0;25.0;0.5810389442313049;0.7489024583135285;0.6402688939250045
9.0;26.0;0.9666042493663556;0.9807867914547164;0.9697411225146876
9.0;27.0;0.9804852597785887;0.9796594527222101;0.9804675002510558
9.0;28.0;0.4785640398225353;0.653337919994518;0.5534216718024053
9.0;29.0;0.831827082624541;0.9113225905641;0.8518164969882474
9.0;30.0;0.6743425860819334;0.7877907910766379;0.7124262524123691
9.0;31.0;0.96675386479689;0.9807987900370365;0.969837435882725
9.0;32.0;0.5810289056369473;0.7489018006968777;0.6402634190831461
9.0;33.0;0.5674066074193233;0.7372881323448416;0.6288279732541447
9.0;34.0;0.5874104097892778;0.7416928656713817;0.6432260887539365
9.0;35.0;0.5062525173908786;0.7020723166068463;0.5812884483326254
9.0;36.0;0.4785985720365631;0.6533393807746395;0.5534393454688974
9.0;37.0;0.5062099515485496;0.7020693015566758;0.5812655284303266
9.0;38.0;0.5674024332359835;0.7372878614365281;0.6288257082597147
9.0;39.0;0.5607929089278076;0.729195611263395;0.6228198239060831
9.0;40.0;0.5677692493464886;0.732860694776866;0.6282763546537457
9.0;41.0;0.9412329831029267;0.9540493382291453;0.944157740470756
9.0;42.0;0.5678201543794499;0.7328640019830608;0.6283040230080252
9.0;43.0;0.612721925311371;0.7757101086638403;0.6667379285825318
9.0;44.0;0.5843877605823877;0.7400117425389056;0.6409304954430144
9.0;45.0;0.9413345857902081;0.9540573496785237;0.944222554577641
9.0;46.0;0.48945724247465855;0.6866183359322946;0.5674037414531372
9.0;47.0;0.5877007545673698;0.74171199392308;0.6433853273030875
9.0;48.0;0.501502937238571;0.6963287565201793;0.5770973129384795
9.0;49.0;0.48956722839759376;0.6866250682694792;0.5674614578492649
9.0;50.0;0.9823240035977077;0.9807756300322034;0.9820176950523151
9.0;51.0;0.8323922463108423;0.9113653250225594;0.8521599038495618
9.0;52.0;0.5814470002454872;0.748929170935617;0.640491354921159
9.0;53.0;0.5847551272556545;0.7400356249659078;0.6411315954272838
9.0;54.0;0.5848107028960451;0.7400392360143678;0.6411620078344088
9.0;55.0;0.9828851344117775;0.9808000404648205;0.9823633497430999
9.0;56.0;0.9830192799463084;0.9808060216954265;0.9824460317926099
9.0;57.0;0.6252465289288937;0.7617106538469545;0.6729872510732899
9.0;58.0;0.5615557567617755;0.7292453691526779;0.6232329103600784
9.0;59.0;0.585230841010036;0.7400665286989625;0.6413918130925571
9.0;60.0;0.9837028366489186;0.9808364877256375;0.98286716783239
9.0;61.0;0.5021820151131134;0.6963707111876504;0.5774549784195688
9.0;62.0;0.5887177155616777;0.7417789210251201;0.643942437130079
9.0;63.0;0.4798473750098885;0.653392146277394;0.5540776908074472
9.0;64.0;0.5687780739407807;0.7373771390056176;0.6295714133979721
9.0;65.0;0.5891815720293784;0.7418094093654274;0.6441962187157614
9.0;66.0;0.83463781563637;0.9115354225094322;0.8535222032017677
9.0;67.0;0.9855275704809577;0.9809177145370838;0.9839899005260642
9.0;68.0;0.9704870464465122;0.9810975615360829;0.9722358036084892
9.0;69.0;0.9452596073637807;0.954366296706299;0.9467212288652049
9.0;70.0;0.6774449576943445;0.7880022366088367;0.7141871369486862
9.0;71.0;0.49158928300587734;0.6867485482787341;0.5685201496394574
9.0;72.0;0.6277270619242995;0.7618759684741137;0.6743644519510271
9.0;73.0;0.584139756833496;0.7491143404861856;0.6419599724721207
9.0;74.0;0.5041797816451572;0.6964937970518686;0.578504237284285
9.0;75.0;0.9894029845144774;0.9810897317546325;0.9863672599018387
9.0;76.0;0.5096966673545954;0.7023125060422913;0.5831239068157601
9.0;77.0;0.565153308192619;0.7294792565170829;0.6251732412842427
9.0;78.0;0.9907231257400659;0.9801142620978559;0.9867513820471114
9.0;79.0;0.5660806953783866;0.7295844167500375;0.6256942149703378
9.0;80.0;0.5904386848299895;0.7404032252371159;0.6442263260547423
10.0;1.0;0.7550537500201531;0.5497353174145997;0.5863894904281546
10.0;2.0;0.6878631035969817;0.5045841347610429;0.5358725924875738
10.0;3.0;0.4873902858027271;0.4115063095334485;0.4001928269887341
10.0;4.0;0.6286580975059683;0.4842462742562906;0.49607476391173655
10.0;5.0;0.7389289614465765;0.5333128607672996;0.5730482370899165
10.0;6.0;0.40722430562818046;0.6147903569557334;0.5007453712407837
10.0;7.0;0.33506342542660844;0.10201400653519166;0.1604822847443324
10.0;8.0;0.7374324566162742;0.5366000845523756;0.5727315794773224
10.0;9.0;0.7331119410355363;0.5342869280751598;0.5696149206140897
10.0;10.0;0.4013933027581976;0.1373872117166738;0.19725082722174545
10.0;11.0;0.700251450271781;0.5081446848490295;0.5441081372019722
10.0;12.0;0.6729142656968721;0.4973520599160392;0.5252421816991513
10.0;13.0;0.4296507016036912;0.38818411136187375;0.36282665523695495
10.0;14.0;0.7118735282826529;0.5171729806138312;0.5530522717308144
10.0;15.0;0.5080727549603614;0.42781446624496927;0.4149212735518208
10.0;16.0;0.4232325960389525;0.3871792040640916;0.3588161685580473
10.0;17.0;0.7301162097596774;0.5285555110552471;0.5665754455517454
10.0;18.0;0.41529795158261157;0.3802438322534822;0.3534350021255654
10.0;19.0;0.3725237148257036;0.12498009116052433;0.18171594121230158
10.0;20.0;0.7253139747024308;0.5240575024028198;0.5627283802105313
10.0;21.0;0.38409057781479305;0.34090651942420075;0.32998878003605064
10.0;22.0;0.7242870411812959;0.5294016352721874;0.5631042748786204
10.0;23.0;0.45017644114230354;0.3978446508237528;0.3764245067746862
10.0;24.0;0.4762672507256672;0.18026849430149122;0.2404040878300827
10.0;25.0;0.5658207719457004;0.4506991825491014;0.4526802989516854
10.0;26.0;0.7392457892111189;0.5333336601514567;0.5732077034648937
10.0;27.0;0.7354079180523302;0.5393104914189139;0.5720096126978422
10.0;28.0;0.7335040059542993;0.5343126059337294;0.5698116747427012
10.0;29.0;0.712185673510905;0.5171931319428071;0.5532076442629484
10.0;30.0;0.445580797420606;0.39000872134814657;0.37270322859743926
10.0;31.0;0.7215630218044605;0.5284545068745361;0.5612279591104988
10.0;32.0;0.6239255490126981;0.48298031970770156;0.4929189939080342
10.0;33.0;0.7379915457601016;0.5366367612884699;0.5730125659633779
10.0;34.0;0.7556986553816718;0.5497781581116132;0.5867159624964613
10.0;35.0;0.7047612355659765;0.512158010906733;0.5475971914222305
10.0;36.0;0.4941725170612748;0.42421657436753846;0.4059123701691684
10.0;37.0;0.3065815364501769;0.11250593471405504;0.1497161318956521
10.0;38.0;0.4484374684716796;0.3974504101726735;0.375148114923927
10.0;39.0;0.5364388688464166;0.4451582193854474;0.43435750986715543
10.0;40.0;0.7165555690657541;0.523373857306025;0.5570820042304601
10.0;41.0;0.6243025266765782;0.4830037623070891;0.4930992244224408
10.0;42.0;0.4076703330384432;0.6148160985574356;0.5009729333508144
10.0;43.0;0.3716874310953499;0.3600503850027201;0.32555007130998675
10.0;44.0;0.616179336496812;0.44894381566535185;0.48145861051376593
10.0;45.0;0.6028426362886685;0.4730798107241848;0.47848658672026806
10.0;46.0;0.37709889229433347;0.12274745001515644;0.18324109233763564
10.0;47.0;0.7317657132286863;0.5285508758671238;0.5674241755572087
10.0;48.0;0.4502392401661297;0.39858657839142586;0.37622123230213694
10.0;49.0;0.3364362435796472;0.10207882958266414;0.16097475913606257
10.0;50.0;0.53709019009932;0.4452013702990395;0.4346043513476178
10.0;51.0;0.6323008226114217;0.49064866530062906;0.49927124763894637
10.0;52.0;0.7181372147567592;0.5190229338072277;0.557000153901261
10.0;53.0;0.40319168757405816;0.1374762429185561;0.19791479516349153
10.0;54.0;0.617023837376386;0.4489948335438884;0.4818625347805099
10.0;55.0;0.5159703538836665;0.4303189679199142;0.4195947497697824
10.0;56.0;0.7302141016539451;0.5275149352252507;0.566113034806372
10.0;57.0;0.7399573512062158;0.5367655627869085;0.5739992835178932
10.0;58.0;0.2697589694037682;0.09695652196472575;0.13093561380845528
10.0;59.0;0.3806220727897005;0.3280459268233267;0.3253819132236939
10.0;60.0;0.6910617300970489;0.5047851869754764;0.5374456229267853
10.0;61.0;0.6987367878815931;0.509675680155681;0.5430828554450154
10.0;62.0;0.7301846658158824;0.530855299535178;0.5666457196762058
10.0;63.0;0.708717551126933;0.5172839510333194;0.5506541255890729
10.0;64.0;0.44762473965148736;0.3901340371596193;0.37346823651289146
10.0;65.0;0.7081542006273283;0.5117743335551058;0.5491055833052791
10.0;66.0;0.5019543408942024;0.4033772498260283;0.40652012130806764
10.0;67.0;0.7277713574513038;0.5273956951966975;0.5642892617595368
10.0;68.0;0.5549302477814133;0.7227706466510432;0.6173235289692645
10.0;69.0;0.7008008531814195;0.5098071280565065;0.5440987339250623
10.0;70.0;0.7310896818014256;0.5244324628810683;0.5656113545347663
10.0;71.0;0.32515566313307176;0.12197599280388988;0.15915195825011585
10.0;72.0;0.7509137859915381;0.5372771896037689;0.5804002576456989
10.0;73.0;0.49458715413566995;0.4235071876690416;0.4052581285176613
10.0;74.0;0.41015334356627636;0.6149589437303643;0.5022356455090692
10.0;75.0;0.7314586285898195;0.5298876150396589;0.5665120818839388
10.0;76.0;0.6346267208791134;0.4846491850357848;0.49861526764517616
10.0;77.0;0.7531653546159609;0.5449287792519153;0.5828449262892911
10.0;78.0;0.7180708646031186;0.519157433941718;0.5559123784278547
10.0;79.0;0.49944011162256297;0.4246887590587368;0.4079681713364088
10.0;80.0;0.3317018158321498;0.09217352318475187;0.1561545880532247
10.0;81.0;0.3909231662963533;0.34126842743367025;0.33292301048983414
10.0;82.0;0.7338919691804874;0.5278412363208678;0.5669070374593386
